driver_race,location,n_stops,county_population
Black drivers,04001,214.0,215.0
Hispanic drivers,04001,784.0,2998.0
White drivers,04001,4892.0,11344.0
Black drivers,04003,946.0,4112.0
Hispanic drivers,04003,8098.0,31310.0
White drivers,04003,9224.0,63426.0
Black drivers,04005,958.0,1354.0
Hispanic drivers,04005,2623.0,13244.0
White drivers,04005,14378.0,63605.0
Black drivers,04007,170.0,206.0
Hispanic drivers,04007,1214.0,7238.0
White drivers,04007,8644.0,29846.0
Black drivers,04009,94.0,585.0
Hispanic drivers,04009,1139.0,8574.0
White drivers,04009,3086.0,15042.0
Black drivers,04011,28.0,80.0
Hispanic drivers,04011,316.0,2995.0
White drivers,04011,602.0,3378.0
Black drivers,04012,644.0,122.0
Hispanic drivers,04012,2645.0,3660.0
White drivers,04012,5560.0,11391.0
Black drivers,04013,10926.0,146524.0
Hispanic drivers,04013,30254.0,804141.0
White drivers,04013,85980.0,1918006.0
Black drivers,04015,924.0,1730.0
Hispanic drivers,04015,2488.0,22529.0
White drivers,04015,12606.0,136876.0
Black drivers,04017,538.0,773.0
Hispanic drivers,04017,1700.0,8155.0
White drivers,04017,10526.0,37386.0
Black drivers,04019,1732.0,25774.0
Hispanic drivers,04019,12934.0,251561.0
White drivers,04019,16639.0,468371.0
Black drivers,04021,1522.0,12902.0
Hispanic drivers,04021,9681.0,78115.0
White drivers,04021,16688.0,185686.0
Black drivers,04023,85.0,116.0
Hispanic drivers,04023,5170.0,27948.0
White drivers,04023,1158.0,6615.0
Black drivers,04025,1158.0,1082.0
Hispanic drivers,04025,3896.0,20620.0
White drivers,04025,20449.0,152903.0
Black drivers,04027,648.0,3154.0
Hispanic drivers,04027,5894.0,86640.0
White drivers,04027,7478.0,60052.0
Black drivers,06001,42758.0,148833.0
Hispanic drivers,06001,60152.0,258943.0
White drivers,06001,84437.0,456108.0
Black drivers,06005,304.0,738.0
Hispanic drivers,06005,1138.0,3750.0
White drivers,06005,9521.0,26004.0
Black drivers,06007,930.0,2593.0
Hispanic drivers,06007,3415.0,23969.0
White drivers,06007,24950.0,140189.0
Black drivers,06009,197.0,310.0
Hispanic drivers,06009,887.0,3711.0
White drivers,06009,10968.0,31950.0
Black drivers,06011,601.0,154.0
Hispanic drivers,06011,2939.0,8342.0
White drivers,06011,9520.0,6830.0
Black drivers,06013,10863.0,76816.0
Hispanic drivers,06013,11103.0,193198.0
White drivers,06013,24860.0,428007.0
Black drivers,06015,102.0,941.0
Hispanic drivers,06015,591.0,4005.0
White drivers,06015,8501.0,14975.0
Black drivers,06017,509.0,1166.0
Hispanic drivers,06017,1560.0,15819.0
White drivers,06017,19483.0,121252.0
Black drivers,06019,4632.0,33901.0
Hispanic drivers,06019,43008.0,336726.0
White drivers,06019,30197.0,252731.0
Black drivers,06021,503.0,165.0
Hispanic drivers,06021,2651.0,7473.0
White drivers,06021,10441.0,12499.0
Black drivers,06023,454.0,1284.0
Hispanic drivers,06023,988.0,9954.0
White drivers,06023,15187.0,87899.0
Black drivers,06025,2770.0,4266.0
Hispanic drivers,06025,50352.0,105719.0
White drivers,06025,20047.0,19116.0
Black drivers,06027,374.0,109.0
Hispanic drivers,06027,2258.0,2503.0
White drivers,06027,12146.0,10468.0
Black drivers,06029,13761.0,34578.0
Hispanic drivers,06029,81814.0,297381.0
White drivers,06029,78428.0,261038.0
Black drivers,06031,1285.0,8230.0
Hispanic drivers,06031,11086.0,55247.0
White drivers,06031,9519.0,42766.0
Black drivers,06033,328.0,980.0
Hispanic drivers,06033,1364.0,8008.0
White drivers,06033,8966.0,40272.0
Black drivers,06035,386.0,2678.0
Hispanic drivers,06035,1010.0,5084.0
White drivers,06035,14545.0,18215.0
Black drivers,06037,102087.0,671966.0
Hispanic drivers,06037,370045.0,3570160.0
White drivers,06037,225181.0,2372659.0
Black drivers,06039,884.0,4296.0
Hispanic drivers,06039,9635.0,57736.0
White drivers,06039,12794.0,47814.0
Black drivers,06041,2659.0,5763.0
Hispanic drivers,06041,6762.0,29251.0
White drivers,06041,34519.0,158171.0
Black drivers,06043,76.0,141.0
Hispanic drivers,06043,565.0,1315.0
White drivers,06043,4871.0,12690.0
Black drivers,06045,910.0,482.0
Hispanic drivers,06045,4427.0,13753.0
White drivers,06045,29029.0,50757.0
Black drivers,06047,3432.0,6727.0
Hispanic drivers,06047,26619.0,101049.0
White drivers,06047,23074.0,65984.0
Black drivers,06049,77.0,80.0
Hispanic drivers,06049,384.0,943.0
White drivers,06049,5011.0,6063.0
Black drivers,06051,281.0,72.0
Hispanic drivers,06051,1709.0,2600.0
White drivers,06051,10250.0,8311.0
Black drivers,06053,2385.0,9932.0
Hispanic drivers,06053,27761.0,167936.0
White drivers,06053,29541.0,118277.0
Black drivers,06055,808.0,2215.0
Hispanic drivers,06055,5799.0,32824.0
White drivers,06055,15590.0,66650.0
Black drivers,06057,912.0,337.0
Hispanic drivers,06057,2128.0,6340.0
White drivers,06057,20539.0,73036.0
Black drivers,06059,10742.0,40245.0
Hispanic drivers,06059,65472.0,760082.0
White drivers,06059,96742.0,1133177.0
Black drivers,06061,871.0,4216.0
Hispanic drivers,06061,2123.0,34141.0
White drivers,06061,19009.0,225426.0
Black drivers,06063,217.0,137.0
Hispanic drivers,06063,497.0,1158.0
White drivers,06063,8365.0,13865.0
Black drivers,06065,15932.0,108705.0
Hispanic drivers,06065,69856.0,751507.0
White drivers,06065,59147.0,738341.0
Black drivers,06067,23204.0,110980.0
Hispanic drivers,06067,26370.0,225607.0
White drivers,06067,87035.0,580369.0
Black drivers,06069,2561.0,359.0
Hispanic drivers,06069,28348.0,23506.0
White drivers,06069,22490.0,17796.0
Black drivers,06071,28274.0,133779.0
Hispanic drivers,06071,96153.0,749926.0
White drivers,06071,115265.0,550266.0
Black drivers,06073,24534.0,123252.0
Hispanic drivers,06073,152952.0,764488.0
White drivers,06073,153584.0,1302766.0
Black drivers,06075,7953.0,39091.0
Hispanic drivers,06075,9485.0,104925.0
White drivers,06075,25146.0,318025.0
Black drivers,06077,8016.0,37657.0
Hispanic drivers,06077,24387.0,191845.0
White drivers,06077,32317.0,205429.0
Black drivers,06079,1049.0,4771.0
Hispanic drivers,06079,9556.0,43360.0
White drivers,06079,28928.0,167959.0
Black drivers,06081,3607.0,15993.0
Hispanic drivers,06081,13806.0,139323.0
White drivers,06081,30341.0,260476.0
Black drivers,06085,4725.0,36726.0
Hispanic drivers,06085,26968.0,355246.0
White drivers,06085,34889.0,539918.0
Black drivers,06087,887.0,2153.0
Hispanic drivers,06087,10323.0,62981.0
White drivers,06087,27501.0,137686.0
Black drivers,06089,921.0,1184.0
Hispanic drivers,06089,4550.0,11218.0
White drivers,06089,37493.0,121283.0
Black drivers,06091,1209.0,6.0
Hispanic drivers,06091,3537.0,221.0
White drivers,06091,19907.0,2294.0
Black drivers,06095,11720.0,48228.0
Hispanic drivers,06095,16969.0,74785.0
White drivers,06095,35996.0,145806.0
Black drivers,06097,1911.0,5942.0
Hispanic drivers,06097,10912.0,88389.0
White drivers,06097,38918.0,279918.0
Black drivers,06099,2118.0,10272.0
Hispanic drivers,06099,16501.0,156042.0
White drivers,06099,19490.0,197072.0
Black drivers,06101,1259.0,1457.0
Hispanic drivers,06101,4443.0,18903.0
White drivers,06101,15480.0,38030.0
Black drivers,06103,1239.0,319.0
Hispanic drivers,06103,7110.0,9754.0
White drivers,06103,19051.0,36951.0
Black drivers,06105,87.0,51.0
Hispanic drivers,06105,212.0,710.0
White drivers,06105,5940.0,9635.0
Black drivers,06107,1459.0,4357.0
Hispanic drivers,06107,35030.0,187106.0
White drivers,06107,19516.0,115795.0
Black drivers,06109,186.0,1013.0
Hispanic drivers,06109,1540.0,4728.0
White drivers,06109,12994.0,38196.0
Black drivers,06113,1768.0,4009.0
Hispanic drivers,06113,4273.0,45989.0
White drivers,06113,11271.0,85606.0
Black drivers,08001,792.0,10229.0
Hispanic drivers,08001,5916.0,122176.0
White drivers,08001,13807.0,199791.0
Black drivers,08003,80.0,158.0
Hispanic drivers,08003,1599.0,5403.0
White drivers,08003,2953.0,6606.0
Black drivers,08005,1482.0,46246.0
Hispanic drivers,08005,1611.0,75608.0
White drivers,08005,8636.0,314529.0
Black drivers,08007,25.0,33.0
Hispanic drivers,08007,354.0,1615.0
White drivers,08007,3672.0,8171.0
Black drivers,08009,79.0,19.0
Hispanic drivers,08009,254.0,241.0
White drivers,08009,987.0,2673.0
Black drivers,08011,31.0,403.0
Hispanic drivers,08011,255.0,1509.0
White drivers,08011,876.0,2981.0
Black drivers,08013,200.0,2225.0
Hispanic drivers,08013,1115.0,28925.0
White drivers,08013,9663.0,205411.0
Black drivers,08014,11.0,550.0
Hispanic drivers,08014,57.0,4992.0
White drivers,08014,424.0,38075.0
Black drivers,08015,51.0,272.0
Hispanic drivers,08015,323.0,1514.0
White drivers,08015,5135.0,13578.0
Black drivers,08017,19.0,8.0
Hispanic drivers,08017,82.0,150.0
White drivers,08017,397.0,1261.0
Black drivers,08019,175.0,54.0
Hispanic drivers,08019,567.0,391.0
White drivers,08019,5935.0,7205.0
Black drivers,08021,18.0,13.0
Hispanic drivers,08021,963.0,3470.0
White drivers,08021,1228.0,2649.0
Black drivers,08023,39.0,12.0
Hispanic drivers,08023,639.0,1853.0
White drivers,08023,1433.0,1020.0
Black drivers,08025,9.0,525.0
Hispanic drivers,08025,106.0,1442.0
White drivers,08025,430.0,2739.0
Black drivers,08027,2.0,39.0
Hispanic drivers,08027,6.0,193.0
White drivers,08027,87.0,3443.0
Black drivers,08029,40.0,151.0
Hispanic drivers,08029,614.0,3084.0
White drivers,08029,4979.0,20818.0
Black drivers,08031,54.0,48284.0
Hispanic drivers,08031,146.0,140594.0
White drivers,08031,320.0,304584.0
Black drivers,08033,8.0,4.0
Hispanic drivers,08033,42.0,64.0
White drivers,08033,432.0,1484.0
Black drivers,08035,537.0,2834.0
Hispanic drivers,08035,1088.0,16935.0
White drivers,08035,9406.0,195992.0
Black drivers,08037,283.0,290.0
Hispanic drivers,08037,1984.0,10825.0
White drivers,08037,8868.0,29522.0
Black drivers,08039,104.0,131.0
Hispanic drivers,08039,143.0,1039.0
White drivers,08039,1424.0,17536.0
Black drivers,08041,2389.0,30433.0
Hispanic drivers,08041,2368.0,70079.0
White drivers,08041,21885.0,374478.0
Black drivers,08043,94.0,1768.0
Hispanic drivers,08043,342.0,5035.0
White drivers,08043,4354.0,31831.0
Black drivers,08045,164.0,224.0
Hispanic drivers,08045,1961.0,10452.0
White drivers,08045,7603.0,32007.0
Black drivers,08047,76.0,38.0
Hispanic drivers,08047,278.0,260.0
White drivers,08047,1212.0,4276.0
Black drivers,08049,46.0,52.0
Hispanic drivers,08049,231.0,759.0
White drivers,08049,3875.0,10913.0
Black drivers,08051,33.0,64.0
Hispanic drivers,08051,168.0,969.0
White drivers,08051,3849.0,11641.0
Black drivers,08055,143.0,29.0
Hispanic drivers,08055,1071.0,1772.0
White drivers,08055,2804.0,3611.0
Hispanic drivers,08057,32.0,113.0
White drivers,08057,405.0,1021.0
Black drivers,08059,652.0,4447.0
Hispanic drivers,08059,2371.0,59171.0
White drivers,08059,22096.0,365564.0
Black drivers,08061,67.0,5.0
Hispanic drivers,08061,222.0,60.0
White drivers,08061,950.0,1082.0
Black drivers,08063,143.0,153.0
Hispanic drivers,08063,208.0,1010.0
White drivers,08063,1724.0,5073.0
Black drivers,08065,7.0,21.0
Hispanic drivers,08065,178.0,1892.0
White drivers,08065,633.0,3745.0
Black drivers,08067,68.0,178.0
Hispanic drivers,08067,689.0,4698.0
White drivers,08067,7685.0,35740.0
Black drivers,08069,360.0,2191.0
Hispanic drivers,08069,1560.0,23865.0
White drivers,08069,13613.0,222513.0
Black drivers,08071,186.0,181.0
Hispanic drivers,08071,1463.0,4745.0
White drivers,08071,4400.0,6694.0
Black drivers,08073,185.0,270.0
Hispanic drivers,08073,288.0,599.0
White drivers,08073,2099.0,3528.0
Black drivers,08075,254.0,702.0
Hispanic drivers,08075,568.0,2539.0
White drivers,08075,4890.0,14436.0
Black drivers,08077,258.0,743.0
Hispanic drivers,08077,1607.0,13998.0
White drivers,08077,14214.0,99679.0
Black drivers,08081,17.0,36.0
Hispanic drivers,08081,202.0,1249.0
White drivers,08081,3049.0,8510.0
Black drivers,08083,50.0,55.0
Hispanic drivers,08083,301.0,2096.0
White drivers,08083,2744.0,15829.0
Black drivers,08085,40.0,117.0
Hispanic drivers,08085,761.0,5464.0
White drivers,08085,5207.0,26190.0
Black drivers,08087,266.0,511.0
Hispanic drivers,08087,1117.0,6566.0
White drivers,08087,4285.0,14134.0
Black drivers,08089,80.0,104.0
Hispanic drivers,08089,1220.0,5493.0
White drivers,08089,2817.0,8579.0
Black drivers,08091,12.0,4.0
Hispanic drivers,08091,149.0,175.0
White drivers,08091,2125.0,3641.0
Black drivers,08093,73.0,72.0
Hispanic drivers,08093,180.0,676.0
White drivers,08093,6161.0,12608.0
Black drivers,08095,1.0,13.0
Hispanic drivers,08095,47.0,563.0
White drivers,08095,212.0,2791.0
Black drivers,08097,6.0,91.0
Hispanic drivers,08097,128.0,1286.0
White drivers,08097,584.0,13120.0
Black drivers,08099,181.0,58.0
Hispanic drivers,08099,899.0,2933.0
White drivers,08099,2992.0,6195.0
Black drivers,08101,371.0,2331.0
Hispanic drivers,08101,3193.0,49684.0
White drivers,08101,8639.0,72555.0
Black drivers,08103,17.0,59.0
Hispanic drivers,08103,116.0,507.0
White drivers,08103,1802.0,4481.0
Black drivers,08105,46.0,31.0
Hispanic drivers,08105,968.0,3784.0
White drivers,08105,2833.0,5206.0
Black drivers,08107,54.0,99.0
Hispanic drivers,08107,286.0,1135.0
White drivers,08107,4921.0,17893.0
Black drivers,08109,21.0,16.0
Hispanic drivers,08109,230.0,1724.0
White drivers,08109,1302.0,3036.0
Black drivers,08113,4.0,27.0
Hispanic drivers,08113,43.0,526.0
White drivers,08113,561.0,5642.0
Black drivers,08115,23.0,9.0
Hispanic drivers,08115,48.0,254.0
White drivers,08115,449.0,1652.0
Black drivers,08117,200.0,204.0
Hispanic drivers,08117,644.0,2964.0
White drivers,08117,5359.0,20904.0
Black drivers,08119,60.0,115.0
Hispanic drivers,08119,120.0,1017.0
White drivers,08119,1874.0,17781.0
Black drivers,08121,43.0,33.0
Hispanic drivers,08121,265.0,306.0
White drivers,08121,2083.0,3488.0
Black drivers,08123,481.0,1894.0
Hispanic drivers,08123,3011.0,51827.0
White drivers,08123,12423.0,145051.0
Black drivers,08125,12.0,17.0
Hispanic drivers,08125,222.0,1362.0
White drivers,08125,1500.0,6319.0
Black drivers,09001,5420.0,79090.0
Hispanic drivers,09001,5144.0,129073.0
White drivers,09001,19413.0,494636.0
Black drivers,09003,5619.0,90431.0
Hispanic drivers,09003,3504.0,108514.0
White drivers,09003,19089.0,483399.0
Black drivers,09005,934.0,2062.0
Hispanic drivers,09005,1238.0,7079.0
White drivers,09005,17911.0,140718.0
Black drivers,09007,2481.0,6276.0
Hispanic drivers,09007,1881.0,6836.0
White drivers,09007,21536.0,118257.0
Black drivers,09009,6112.0,82523.0
Hispanic drivers,09009,5116.0,102004.0
White drivers,09009,24371.0,479626.0
Black drivers,09011,3317.0,12276.0
Hispanic drivers,09011,2409.0,19108.0
White drivers,09011,27657.0,176936.0
Black drivers,09013,2315.0,4072.0
Hispanic drivers,09013,1935.0,5684.0
White drivers,09013,28113.0,109951.0
Black drivers,09015,881.0,1718.0
Hispanic drivers,09015,1328.0,8775.0
White drivers,09015,18103.0,82176.0
Black drivers,12001,3418.0,38664.0
Hispanic drivers,12001,1239.0,18416.0
White drivers,12001,8815.0,138258.0
Black drivers,12003,1091.0,2907.0
Hispanic drivers,12003,176.0,450.0
White drivers,12003,3011.0,17292.0
Black drivers,12005,2192.0,14374.0
Hispanic drivers,12005,392.0,6776.0
White drivers,12005,12214.0,113831.0
Black drivers,12007,236.0,4352.0
Hispanic drivers,12007,62.0,827.0
White drivers,12007,966.0,16745.0
Black drivers,12009,1536.0,42041.0
Hispanic drivers,12009,1299.0,37220.0
White drivers,12009,6843.0,364064.0
Black drivers,12011,14932.0,377871.0
Hispanic drivers,12011,18482.0,391819.0
White drivers,12011,23654.0,646854.0
Black drivers,12013,150.0,1679.0
Hispanic drivers,12013,31.0,608.0
White drivers,12013,788.0,9216.0
Black drivers,12015,614.0,7703.0
Hispanic drivers,12015,1012.0,8207.0
White drivers,12015,3911.0,127241.0
Black drivers,12017,148.0,3126.0
Hispanic drivers,12017,130.0,5404.0
White drivers,12017,3208.0,109452.0
Black drivers,12019,581.0,14745.0
Hispanic drivers,12019,275.0,12496.0
White drivers,12019,2917.0,119930.0
Black drivers,12021,2881.0,16291.0
Hispanic drivers,12021,6350.0,65360.0
White drivers,12021,9512.0,197869.0
Black drivers,12023,2747.0,9552.0
Hispanic drivers,12023,908.0,2713.0
White drivers,12023,6800.0,40929.0
Black drivers,12027,666.0,3616.0
Hispanic drivers,12027,895.0,7705.0
White drivers,12027,3891.0,16706.0
Black drivers,12029,274.0,1188.0
Hispanic drivers,12029,99.0,436.0
White drivers,12029,2795.0,11467.0
Black drivers,12031,8443.0,193056.0
Hispanic drivers,12031,1894.0,54554.0
White drivers,12031,16985.0,413485.0
Black drivers,12033,3188.0,51016.0
Hispanic drivers,12033,450.0,12050.0
White drivers,12033,9665.0,169796.0
Black drivers,12035,760.0,8565.0
Hispanic drivers,12035,451.0,7344.0
White drivers,12035,2337.0,65578.0
Black drivers,12037,163.0,1459.0
Hispanic drivers,12037,38.0,489.0
White drivers,12037,1770.0,7782.0
Black drivers,12039,5255.0,19601.0
Hispanic drivers,12039,1191.0,3093.0
White drivers,12039,7341.0,13782.0
Black drivers,12041,46.0,738.0
Hispanic drivers,12041,27.0,621.0
White drivers,12041,677.0,12274.0
Black drivers,12043,204.0,1456.0
Hispanic drivers,12043,442.0,2052.0
White drivers,12043,741.0,7289.0
Black drivers,12045,52.0,2665.0
Hispanic drivers,12045,5.0,656.0
White drivers,12045,384.0,9992.0
Black drivers,12047,1349.0,3991.0
Hispanic drivers,12047,384.0,937.0
White drivers,12047,2590.0,6766.0
Black drivers,12049,223.0,1490.0
Hispanic drivers,12049,548.0,7875.0
White drivers,12049,1474.0,11072.0
Black drivers,12051,497.0,3445.0
Hispanic drivers,12051,1340.0,13648.0
White drivers,12051,1952.0,10929.0
Black drivers,12053,856.0,6635.0
Hispanic drivers,12053,1025.0,14883.0
White drivers,12053,11325.0,120856.0
Black drivers,12055,986.0,6907.0
Hispanic drivers,12055,1610.0,12988.0
White drivers,12055,4500.0,60726.0
Black drivers,12057,4314.0,155104.0
Hispanic drivers,12057,5271.0,251506.0
White drivers,12057,16356.0,571088.0
Black drivers,12059,610.0,1130.0
Hispanic drivers,12059,276.0,388.0
White drivers,12059,2399.0,14086.0
Black drivers,12061,1376.0,9299.0
Hispanic drivers,12061,1399.0,11895.0
White drivers,12061,4491.0,96548.0
Black drivers,12063,1471.0,10775.0
Hispanic drivers,12063,438.0,1852.0
White drivers,12063,4247.0,27162.0
Black drivers,12065,1399.0,4055.0
Hispanic drivers,12065,324.0,425.0
White drivers,12065,3011.0,7250.0
Black drivers,12067,94.0,1191.0
Hispanic drivers,12067,53.0,812.0
White drivers,12067,506.0,5090.0
Black drivers,12069,2396.0,22826.0
Hispanic drivers,12069,2437.0,29762.0
White drivers,12069,10345.0,194449.0
Black drivers,12071,2059.0,38936.0
Hispanic drivers,12071,4017.0,91650.0
White drivers,12071,11227.0,408226.0
Black drivers,12073,7840.0,67955.0
Hispanic drivers,12073,1317.0,13795.0
White drivers,12073,13974.0,139765.0
Black drivers,12075,352.0,2806.0
Hispanic drivers,12075,162.0,2290.0
White drivers,12075,2387.0,26944.0
Black drivers,12077,223.0,1396.0
Hispanic drivers,12077,47.0,432.0
White drivers,12077,811.0,4895.0
Black drivers,12079,2292.0,5749.0
Hispanic drivers,12079,877.0,720.0
White drivers,12079,4328.0,8663.0
Black drivers,12081,1576.0,21928.0
Hispanic drivers,12081,1800.0,35567.0
White drivers,12081,7438.0,218148.0
Black drivers,12083,2328.0,31789.0
Hispanic drivers,12083,1540.0,28633.0
White drivers,12083,8101.0,212705.0
Black drivers,12085,2877.0,6338.0
Hispanic drivers,12085,3243.0,13465.0
White drivers,12085,7414.0,106670.0
Black drivers,12086,12386.0,342576.0
Hispanic drivers,12086,49965.0,1432508.0
White drivers,12086,12009.0,325540.0
Black drivers,12087,943.0,3570.0
Hispanic drivers,12087,3570.0,13129.0
White drivers,12087,8477.0,47231.0
Black drivers,12089,802.0,3818.0
Hispanic drivers,12089,299.0,2009.0
White drivers,12089,3150.0,54965.0
Black drivers,12091,1337.0,13820.0
Hispanic drivers,12091,555.0,10942.0
White drivers,12091,8010.0,119754.0
Black drivers,12093,337.0,2651.0
Hispanic drivers,12093,595.0,6712.0
White drivers,12093,1264.0,21301.0
Black drivers,12095,10723.0,185040.0
Hispanic drivers,12095,14311.0,268260.0
White drivers,12095,28430.0,455255.0
Black drivers,12097,3642.0,21811.0
Hispanic drivers,12097,8704.0,110213.0
White drivers,12097,10540.0,91871.0
Black drivers,12099,15964.0,182512.0
Hispanic drivers,12099,15799.0,211864.0
White drivers,12099,34102.0,702978.0
Black drivers,12101,915.0,17233.0
Hispanic drivers,12101,1367.0,45311.0
White drivers,12101,8386.0,316044.0
Black drivers,12103,1837.0,73111.0
Hispanic drivers,12103,1215.0,60020.0
White drivers,12103,9148.0,621749.0
Black drivers,12105,4210.0,67656.0
Hispanic drivers,12105,4269.0,83429.0
White drivers,12105,17882.0,332769.0
Black drivers,12107,880.0,8595.0
Hispanic drivers,12107,250.0,4513.0
White drivers,12107,3417.0,44277.0
Black drivers,12109,1607.0,8674.0
Hispanic drivers,12109,815.0,9316.0
White drivers,12109,5626.0,145666.0
Black drivers,12111,6008.0,41130.0
Hispanic drivers,12111,7685.0,35925.0
White drivers,12111,15054.0,150102.0
Black drivers,12113,906.0,8170.0
Hispanic drivers,12113,338.0,5778.0
White drivers,12113,7906.0,108597.0
Black drivers,12115,1003.0,13652.0
Hispanic drivers,12115,1495.0,24577.0
White drivers,12115,8301.0,293972.0
Black drivers,12117,1374.0,36586.0
Hispanic drivers,12117,1667.0,62575.0
White drivers,12117,5942.0,235841.0
Black drivers,12119,995.0,7701.0
Hispanic drivers,12119,775.0,5076.0
White drivers,12119,4203.0,86635.0
Black drivers,12121,1080.0,4574.0
Hispanic drivers,12121,378.0,2627.0
White drivers,12121,2552.0,27422.0
Black drivers,12123,423.0,3853.0
Hispanic drivers,12123,106.0,763.0
White drivers,12123,2425.0,13684.0
Black drivers,12125,220.0,3027.0
Hispanic drivers,12125,36.0,658.0
White drivers,12125,984.0,8718.0
Black drivers,12127,2101.0,39980.0
Hispanic drivers,12127,1582.0,44724.0
White drivers,12127,8659.0,325351.0
Black drivers,12129,633.0,3886.0
Hispanic drivers,12129,96.0,905.0
White drivers,12129,4346.0,19893.0
Black drivers,12131,403.0,2662.0
Hispanic drivers,12131,210.0,2452.0
White drivers,12131,2924.0,41952.0
Black drivers,12133,529.0,3073.0
Hispanic drivers,12133,235.0,599.0
White drivers,12133,2293.0,15889.0
Black drivers,25001,615.0,3860.0
Hispanic drivers,25001,230.0,3831.0
White drivers,25001,9240.0,171664.0
Black drivers,25003,721.0,2654.0
Hispanic drivers,25003,395.0,3535.0
White drivers,25003,11344.0,99551.0
Black drivers,25005,2298.0,15598.0
Hispanic drivers,25005,1748.0,24559.0
White drivers,25005,15498.0,393594.0
Black drivers,25007,17.0,492.0
Hispanic drivers,25007,4.0,349.0
White drivers,25007,239.0,12836.0
Black drivers,25009,1962.0,17001.0
Hispanic drivers,25009,4120.0,97506.0
White drivers,25009,23707.0,473320.0
Black drivers,25011,403.0,625.0
Hispanic drivers,25011,444.0,1706.0
White drivers,25011,8954.0,55544.0
Black drivers,25013,4478.0,28127.0
Hispanic drivers,25013,7684.0,72373.0
White drivers,25013,28636.0,261023.0
Black drivers,25015,423.0,3471.0
Hispanic drivers,25015,508.0,6179.0
White drivers,25015,7093.0,117750.0
Black drivers,25017,5588.0,58809.0
Hispanic drivers,25017,5666.0,82137.0
White drivers,25017,44399.0,978696.0
Black drivers,25019,54.0,653.0
Hispanic drivers,25019,72.0,822.0
White drivers,25019,421.0,6857.0
Black drivers,25021,5167.0,33153.0
Hispanic drivers,25021,2340.0,19360.0
White drivers,25021,18774.0,443316.0
Black drivers,25023,2123.0,34042.0
Hispanic drivers,25023,877.0,12299.0
White drivers,25023,13852.0,345792.0
Black drivers,25025,10072.0,125171.0
Hispanic drivers,25025,6850.0,121507.0
White drivers,25025,38130.0,321700.0
Black drivers,25027,6196.0,24887.0
Hispanic drivers,25027,7401.0,57484.0
White drivers,25027,55461.0,533153.0
Black drivers,30001,13.0,36.0
Hispanic drivers,30001,22.0,269.0
White drivers,30001,925.0,7202.0
Black drivers,30003,35.0,26.0
Hispanic drivers,30003,51.0,384.0
White drivers,30003,1078.0,3225.0
Black drivers,30005,11.0,9.0
Hispanic drivers,30005,8.0,86.0
White drivers,30005,743.0,2511.0
Black drivers,30007,13.0,15.0
Hispanic drivers,30007,15.0,102.0
White drivers,30007,1582.0,4407.0
Black drivers,30009,8.0,36.0
Hispanic drivers,30009,202.0,178.0
White drivers,30009,964.0,8222.0
Black drivers,30013,136.0,938.0
Hispanic drivers,30013,103.0,2156.0
White drivers,30013,7570.0,57772.0
Black drivers,30015,11.0,5.0
Hispanic drivers,30015,16.0,75.0
White drivers,30015,1186.0,3642.0
Black drivers,30017,60.0,32.0
Hispanic drivers,30017,126.0,218.0
White drivers,30017,3654.0,9074.0
Black drivers,30019,2.0,4.0
Hispanic drivers,30019,1.0,25.0
White drivers,30019,231.0,1381.0
Black drivers,30021,61.0,29.0
Hispanic drivers,30021,158.0,163.0
White drivers,30021,3014.0,7072.0
Black drivers,30023,39.0,33.0
Hispanic drivers,30023,41.0,212.0
White drivers,30023,2730.0,7218.0
Black drivers,30025,0.0,4.0
Hispanic drivers,30025,5.0,35.0
White drivers,30025,129.0,2274.0
Black drivers,30027,8.0,22.0
Hispanic drivers,30027,11.0,167.0
White drivers,30027,976.0,8975.0
Black drivers,30029,26.0,222.0
Hispanic drivers,30029,67.0,1658.0
White drivers,30029,9489.0,70467.0
Black drivers,30031,79.0,304.0
Hispanic drivers,30031,153.0,2045.0
White drivers,30031,8875.0,72201.0
Black drivers,30033,4.0,2.0
Hispanic drivers,30033,1.0,7.0
White drivers,30033,271.0,1006.0
Black drivers,30035,4.0,22.0
Hispanic drivers,30035,10.0,207.0
White drivers,30035,964.0,3465.0
Black drivers,30039,8.0,12.0
Hispanic drivers,30039,14.0,41.0
White drivers,30039,674.0,2599.0
Black drivers,30041,23.0,44.0
Hispanic drivers,30041,23.0,309.0
White drivers,30041,2180.0,9464.0
Black drivers,30043,25.0,28.0
Hispanic drivers,30043,31.0,180.0
White drivers,30043,2033.0,8876.0
Black drivers,30045,12.0,2.0
Hispanic drivers,30045,11.0,24.0
White drivers,30045,774.0,1609.0
Black drivers,30047,19.0,78.0
Hispanic drivers,30047,29.0,718.0
White drivers,30047,2853.0,16269.0
Black drivers,30049,32.0,244.0
Hispanic drivers,30049,61.0,1252.0
White drivers,30049,5223.0,48907.0
Black drivers,30051,2.0,4.0
Hispanic drivers,30051,4.0,14.0
White drivers,30051,268.0,1891.0
Black drivers,30053,9.0,36.0
Hispanic drivers,30053,23.0,366.0
White drivers,30053,2412.0,15257.0
Black drivers,30055,2.0,4.0
Hispanic drivers,30055,3.0,14.0
White drivers,30055,140.0,1364.0
Black drivers,30057,5.0,23.0
Hispanic drivers,30057,20.0,183.0
White drivers,30057,804.0,6332.0
Black drivers,30059,0.0,3.0
Hispanic drivers,30059,1.0,26.0
White drivers,30059,214.0,1503.0
Black drivers,30061,50.0,13.0
Hispanic drivers,30061,54.0,75.0
White drivers,30061,2167.0,3315.0
Black drivers,30063,71.0,448.0
Hispanic drivers,30063,98.0,2346.0
White drivers,30063,7263.0,84292.0
Black drivers,30065,3.0,14.0
Hispanic drivers,30065,9.0,94.0
White drivers,30065,536.0,3599.0
Black drivers,30067,28.0,32.0
Hispanic drivers,30067,53.0,278.0
White drivers,30067,2569.0,12454.0
Black drivers,30071,4.0,2.0
Hispanic drivers,30071,4.0,57.0
White drivers,30071,416.0,2923.0
Black drivers,30073,13.0,12.0
Hispanic drivers,30073,19.0,64.0
White drivers,30073,1162.0,4117.0
Hispanic drivers,30075,18.0,19.0
White drivers,30075,363.0,1443.0
Black drivers,30077,44.0,67.0
Hispanic drivers,30077,53.0,112.0
White drivers,30077,3130.0,5441.0
Black drivers,30081,14.0,79.0
Hispanic drivers,30081,37.0,871.0
White drivers,30081,3614.0,31623.0
Black drivers,30083,36.0,33.0
Hispanic drivers,30083,97.0,333.0
White drivers,30083,1915.0,8033.0
Black drivers,30085,24.0,15.0
Hispanic drivers,30085,40.0,133.0
White drivers,30085,1251.0,3332.0
Black drivers,30087,27.0,17.0
Hispanic drivers,30087,44.0,233.0
White drivers,30087,1821.0,4452.0
Black drivers,30089,4.0,26.0
Hispanic drivers,30089,10.0,195.0
White drivers,30089,1450.0,8698.0
Black drivers,30091,5.0,9.0
Hispanic drivers,30091,11.0,46.0
White drivers,30091,444.0,2817.0
Black drivers,30093,29.0,123.0
Hispanic drivers,30093,50.0,958.0
White drivers,30093,2640.0,26075.0
Black drivers,30095,22.0,16.0
Hispanic drivers,30095,44.0,194.0
White drivers,30095,1432.0,7121.0
Black drivers,30097,14.0,5.0
Hispanic drivers,30097,18.0,48.0
White drivers,30097,597.0,2803.0
Black drivers,30099,3.0,4.0
Hispanic drivers,30099,4.0,59.0
White drivers,30099,377.0,4608.0
Black drivers,30101,10.0,27.0
Hispanic drivers,30101,15.0,114.0
White drivers,30101,995.0,3806.0
Black drivers,30105,12.0,23.0
Hispanic drivers,30105,17.0,88.0
White drivers,30105,974.0,5349.0
Black drivers,30107,6.0,4.0
Hispanic drivers,30107,5.0,24.0
White drivers,30107,317.0,1599.0
Black drivers,30111,125.0,756.0
Hispanic drivers,30111,255.0,5010.0
White drivers,30111,7610.0,108969.0
Black drivers,34001,3487.0,31640.0
Hispanic drivers,34001,2026.0,34623.0
White drivers,34001,12995.0,133869.0
Black drivers,34003,2848.0,40364.0
Hispanic drivers,34003,4276.0,126764.0
White drivers,34003,10230.0,457625.0
Black drivers,34005,11935.0,58487.0
Hispanic drivers,34005,4964.0,23757.0
White drivers,34005,32478.0,258371.0
Black drivers,34007,4469.0,72686.0
Hispanic drivers,34007,1574.0,54206.0
White drivers,34007,9511.0,251245.0
Black drivers,34009,1165.0,3353.0
Hispanic drivers,34009,702.0,4502.0
White drivers,34009,10851.0,71185.0
Black drivers,34011,4783.0,23777.0
Hispanic drivers,34011,2646.0,30823.0
White drivers,34011,9662.0,65022.0
Black drivers,34013,4977.0,241608.0
Hispanic drivers,34013,3445.0,126668.0
White drivers,34013,8640.0,212712.0
Black drivers,34015,3434.0,22482.0
Hispanic drivers,34015,1652.0,10661.0
White drivers,34015,9273.0,188903.0
Black drivers,34017,1083.0,58800.0
Hispanic drivers,34017,1391.0,221902.0
White drivers,34017,3103.0,170615.0
Black drivers,34019,1472.0,2472.0
Hispanic drivers,34019,1348.0,5436.0
White drivers,34019,13550.0,90513.0
Black drivers,34021,7614.0,56618.0
Hispanic drivers,34021,3682.0,43356.0
White drivers,34021,14335.0,165012.0
Black drivers,34023,8181.0,61018.0
Hispanic drivers,34023,7053.0,118751.0
White drivers,34023,24766.0,328955.0
Black drivers,34025,4035.0,34611.0
Hispanic drivers,34025,3188.0,45088.0
White drivers,34025,25821.0,394010.0
Black drivers,34027,2785.0,12413.0
Hispanic drivers,34027,3289.0,46607.0
White drivers,34027,15199.0,298593.0
Black drivers,34029,2076.0,13414.0
Hispanic drivers,34029,1731.0,35209.0
White drivers,34029,19717.0,400488.0
Black drivers,34031,2016.0,43116.0
Hispanic drivers,34031,3102.0,144932.0
White drivers,34031,7071.0,183301.0
Black drivers,34033,2581.0,6775.0
Hispanic drivers,34033,851.0,3245.0
White drivers,34033,5231.0,41066.0
Black drivers,34035,1866.0,23002.0
Hispanic drivers,34035,1661.0,33509.0
White drivers,34035,9093.0,163172.0
Black drivers,34037,391.0,2088.0
Hispanic drivers,34037,506.0,7498.0
White drivers,34037,8099.0,105417.0
Black drivers,34039,5580.0,91167.0
Hispanic drivers,34039,4741.0,120847.0
White drivers,34039,16116.0,193697.0
Black drivers,34041,2455.0,3071.0
Hispanic drivers,34041,2136.0,5997.0
White drivers,34041,12498.0,74821.0
Black drivers,39001,114.0,87.0
Hispanic drivers,39001,18.0,158.0
White drivers,39001,3444.0,21473.0
Black drivers,39003,2453.0,9585.0
Hispanic drivers,39003,195.0,1860.0
White drivers,39003,10566.0,69878.0
Black drivers,39005,1971.0,326.0
Hispanic drivers,39005,254.0,405.0
White drivers,39005,12694.0,40858.0
Black drivers,39007,712.0,2931.0
Hispanic drivers,39007,271.0,2342.0
White drivers,39007,9646.0,73145.0
Black drivers,39009,806.0,1495.0
Hispanic drivers,39009,104.0,938.0
White drivers,39009,11217.0,49747.0
Black drivers,39011,1198.0,142.0
Hispanic drivers,39011,151.0,394.0
White drivers,39011,9972.0,35008.0
Black drivers,39013,854.0,2525.0
Hispanic drivers,39013,131.0,399.0
White drivers,39013,11449.0,54160.0
Black drivers,39015,271.0,313.0
Hispanic drivers,39015,50.0,219.0
White drivers,39015,8167.0,34122.0
Black drivers,39017,3105.0,21038.0
Hispanic drivers,39017,505.0,9960.0
White drivers,39017,13667.0,248457.0
Black drivers,39019,28.0,117.0
Hispanic drivers,39019,16.0,197.0
White drivers,39019,1485.0,22336.0
Black drivers,39021,78.0,694.0
Hispanic drivers,39021,11.0,354.0
White drivers,39021,1457.0,29534.0
Black drivers,39023,1793.0,9060.0
Hispanic drivers,39023,202.0,2536.0
White drivers,39023,7518.0,94828.0
Black drivers,39025,746.0,1993.0
Hispanic drivers,39025,161.0,2184.0
White drivers,39025,16858.0,149441.0
Black drivers,39027,1294.0,733.0
Hispanic drivers,39027,259.0,412.0
White drivers,39027,8719.0,31210.0
Black drivers,39029,496.0,2067.0
Hispanic drivers,39029,77.0,1115.0
White drivers,39029,9772.0,82119.0
Black drivers,39031,70.0,328.0
Hispanic drivers,39031,8.0,206.0
White drivers,39031,1867.0,28202.0
Black drivers,39033,456.0,268.0
Hispanic drivers,39033,83.0,379.0
White drivers,39033,7734.0,33358.0
Black drivers,39035,8997.0,286566.0
Hispanic drivers,39035,1166.0,46237.0
White drivers,39035,17705.0,645681.0
Black drivers,39037,37.0,198.0
Hispanic drivers,39037,11.0,453.0
White drivers,39037,1526.0,40040.0
Black drivers,39039,518.0,505.0
Hispanic drivers,39039,359.0,2395.0
White drivers,39039,6915.0,27232.0
Black drivers,39041,2054.0,4674.0
Hispanic drivers,39041,338.0,2795.0
White drivers,39041,14208.0,123523.0
Black drivers,39043,2697.0,4915.0
Hispanic drivers,39043,554.0,1957.0
White drivers,39043,15093.0,53757.0
Black drivers,39045,1056.0,7354.0
Hispanic drivers,39045,122.0,1900.0
White drivers,39045,12080.0,104681.0
Black drivers,39047,372.0,479.0
Hispanic drivers,39047,51.0,341.0
White drivers,39047,2414.0,21458.0
Black drivers,39049,9700.0,192202.0
Hispanic drivers,39049,1339.0,39026.0
White drivers,39049,25281.0,662995.0
Black drivers,39051,817.0,130.0
Hispanic drivers,39051,459.0,2246.0
White drivers,39051,6677.0,30615.0
Black drivers,39053,855.0,613.0
Hispanic drivers,39053,102.0,248.0
White drivers,39053,8828.0,22927.0
Black drivers,39055,317.0,964.0
Hispanic drivers,39055,44.0,782.0
White drivers,39055,4655.0,71399.0
Black drivers,39057,1955.0,9481.0
Hispanic drivers,39057,168.0,3085.0
White drivers,39057,10421.0,114102.0
Black drivers,39059,1507.0,448.0
Hispanic drivers,39059,341.0,254.0
White drivers,39059,11703.0,30415.0
Black drivers,39061,5670.0,154339.0
Hispanic drivers,39061,492.0,14502.0
White drivers,39061,20091.0,443958.0
Black drivers,39063,1517.0,890.0
Hispanic drivers,39063,333.0,2450.0
White drivers,39063,10849.0,55194.0
Black drivers,39065,119.0,222.0
Hispanic drivers,39065,28.0,289.0
White drivers,39065,2082.0,24096.0
Black drivers,39067,136.0,286.0
Hispanic drivers,39067,47.0,87.0
White drivers,39067,3271.0,12177.0
Black drivers,39069,98.0,108.0
Hispanic drivers,39069,97.0,1308.0
White drivers,39069,1855.0,20431.0
Black drivers,39071,96.0,471.0
Hispanic drivers,39071,10.0,211.0
White drivers,39071,3520.0,32688.0
Black drivers,39073,150.0,170.0
Hispanic drivers,39073,20.0,169.0
White drivers,39073,2787.0,22418.0
Black drivers,39075,16.0,123.0
Hispanic drivers,39075,8.0,266.0
White drivers,39075,1392.0,30032.0
Black drivers,39077,323.0,497.0
Hispanic drivers,39077,180.0,2198.0
White drivers,39077,7646.0,42637.0
Black drivers,39079,1024.0,157.0
Hispanic drivers,39079,160.0,211.0
White drivers,39079,11296.0,25033.0
Black drivers,39081,659.0,2894.0
Hispanic drivers,39081,53.0,632.0
White drivers,39081,7623.0,51812.0
Black drivers,39083,137.0,418.0
Hispanic drivers,39083,34.0,584.0
White drivers,39083,5829.0,46409.0
Black drivers,39085,742.0,6196.0
Hispanic drivers,39085,254.0,5512.0
White drivers,39085,8322.0,171037.0
Black drivers,39087,434.0,1053.0
Hispanic drivers,39087,53.0,354.0
White drivers,39087,9884.0,47422.0
Black drivers,39089,1564.0,4600.0
Hispanic drivers,39089,253.0,1812.0
White drivers,39089,13759.0,123771.0
Black drivers,39091,443.0,585.0
Hispanic drivers,39091,68.0,393.0
White drivers,39091,5119.0,34114.0
Black drivers,39093,4360.0,18438.0
Hispanic drivers,39093,1741.0,18464.0
White drivers,39093,18415.0,198379.0
Black drivers,39095,5923.0,61995.0
Hispanic drivers,39095,1155.0,18460.0
White drivers,39095,19979.0,253485.0
Black drivers,39097,1877.0,2593.0
Hispanic drivers,39097,383.0,440.0
White drivers,39097,10213.0,31564.0
Black drivers,39099,4091.0,27194.0
Hispanic drivers,39099,510.0,8648.0
White drivers,39099,19857.0,152299.0
Black drivers,39101,1175.0,3603.0
Hispanic drivers,39101,166.0,995.0
White drivers,39101,11644.0,48115.0
Black drivers,39103,2053.0,1666.0
Hispanic drivers,39103,453.0,2071.0
White drivers,39103,11763.0,132009.0
Black drivers,39105,473.0,167.0
Hispanic drivers,39105,59.0,80.0
White drivers,39105,5183.0,18404.0
Black drivers,39107,157.0,91.0
Hispanic drivers,39107,52.0,427.0
White drivers,39107,4475.0,30691.0
Black drivers,39109,1210.0,1715.0
Hispanic drivers,39109,124.0,951.0
White drivers,39109,8103.0,77589.0
Black drivers,39111,9.0,50.0
Hispanic drivers,39111,5.0,48.0
White drivers,39111,693.0,11638.0
Black drivers,39113,5071.0,84736.0
Hispanic drivers,39113,332.0,8985.0
White drivers,39113,12786.0,317599.0
Black drivers,39115,13.0,351.0
Hispanic drivers,39115,0.0,78.0
White drivers,39115,483.0,11262.0
Black drivers,39117,1073.0,129.0
Hispanic drivers,39117,136.0,295.0
White drivers,39117,8268.0,26686.0
Black drivers,39119,1103.0,2557.0
Hispanic drivers,39119,151.0,489.0
White drivers,39119,10996.0,63865.0
Black drivers,39121,122.0,380.0
Hispanic drivers,39121,16.0,52.0
White drivers,39121,1702.0,11548.0
Black drivers,39123,476.0,276.0
Hispanic drivers,39123,133.0,1366.0
White drivers,39123,4600.0,32076.0
Black drivers,39125,304.0,129.0
Hispanic drivers,39125,120.0,563.0
White drivers,39125,3399.0,14218.0
Black drivers,39127,21.0,93.0
Hispanic drivers,39127,2.0,177.0
White drivers,39127,1209.0,27570.0
Black drivers,39129,849.0,1862.0
Hispanic drivers,39129,98.0,492.0
White drivers,39129,9577.0,42402.0
Black drivers,39131,180.0,227.0
Hispanic drivers,39131,21.0,158.0
White drivers,39131,3926.0,21502.0
Black drivers,39133,2483.0,5474.0
Hispanic drivers,39133,309.0,1814.0
White drivers,39133,19512.0,121851.0
Black drivers,39135,673.0,165.0
Hispanic drivers,39135,335.0,179.0
White drivers,39135,4854.0,32285.0
Black drivers,39137,38.0,64.0
Hispanic drivers,39137,41.0,1266.0
White drivers,39137,1201.0,24907.0
Black drivers,39139,2351.0,9327.0
Hispanic drivers,39139,221.0,1382.0
White drivers,39139,14571.0,86009.0
Black drivers,39141,800.0,4131.0
Hispanic drivers,39141,77.0,563.0
White drivers,39141,10668.0,56423.0
Black drivers,39143,2350.0,1241.0
Hispanic drivers,39143,870.0,3737.0
White drivers,39143,15740.0,42038.0
Black drivers,39145,558.0,1753.0
Hispanic drivers,39145,62.0,587.0
White drivers,39145,11853.0,59097.0
Black drivers,39147,171.0,1008.0
Hispanic drivers,39147,76.0,1745.0
White drivers,39147,3227.0,41045.0
Black drivers,39149,728.0,738.0
Hispanic drivers,39149,75.0,448.0
White drivers,39149,4669.0,35669.0
Black drivers,39151,2325.0,21321.0
Hispanic drivers,39151,181.0,4514.0
White drivers,39151,13028.0,269270.0
Black drivers,39153,3620.0,59254.0
Hispanic drivers,39153,336.0,6730.0
White drivers,39153,13845.0,353995.0
Black drivers,39155,3716.0,13155.0
Hispanic drivers,39155,503.0,2149.0
White drivers,39155,18787.0,149931.0
Black drivers,39157,603.0,538.0
Hispanic drivers,39157,158.0,1357.0
White drivers,39157,10573.0,71075.0
Black drivers,39159,522.0,1166.0
Hispanic drivers,39159,90.0,495.0
White drivers,39159,5881.0,38e3
Black drivers,39161,381.0,197.0
Hispanic drivers,39161,131.0,516.0
White drivers,39161,6054.0,21657.0
Black drivers,39163,60.0,40.0
Hispanic drivers,39163,10.0,62.0
White drivers,39163,2900.0,10275.0
Black drivers,39165,2719.0,6097.0
Hispanic drivers,39165,479.0,3427.0
White drivers,39165,16119.0,151066.0
Black drivers,39167,650.0,586.0
Hispanic drivers,39167,115.0,388.0
White drivers,39167,10761.0,48422.0
Black drivers,39169,802.0,1399.0
Hispanic drivers,39169,191.0,1290.0
White drivers,39169,11562.0,85561.0
Black drivers,39171,581.0,329.0
Hispanic drivers,39171,357.0,963.0
White drivers,39171,7860.0,28070.0
Black drivers,39173,2746.0,2702.0
Hispanic drivers,39173,604.0,4535.0
White drivers,39173,13059.0,94387.0
Black drivers,39175,952.0,44.0
Hispanic drivers,39175,123.0,368.0
White drivers,39175,6691.0,17160.0
Black drivers,45001,1464.0,5570.0
Hispanic drivers,45001,54.0,225.0
White drivers,45001,2379.0,14098.0
Black drivers,45003,8288.0,30890.0
Hispanic drivers,45003,1089.0,5791.0
White drivers,45003,13878.0,91734.0
Black drivers,45005,1652.0,5736.0
Hispanic drivers,45005,42.0,208.0
White drivers,45005,1052.0,2041.0
Black drivers,45007,8488.0,23598.0
Hispanic drivers,45007,1186.0,4228.0
White drivers,45007,28148.0,120999.0
Black drivers,45009,2726.0,7564.0
Hispanic drivers,45009,47.0,207.0
White drivers,45009,2250.0,4605.0
Black drivers,45011,2839.0,7244.0
Hispanic drivers,45011,74.0,335.0
White drivers,45011,2998.0,9266.0
Black drivers,45013,4353.0,24321.0
Hispanic drivers,45013,1307.0,13100.0
White drivers,45013,9525.0,99217.0
Black drivers,45015,5342.0,36091.0
Hispanic drivers,45015,763.0,7836.0
White drivers,45015,9834.0,99925.0
Black drivers,45017,1616.0,5026.0
Hispanic drivers,45017,85.0,342.0
White drivers,45017,1635.0,6688.0
Black drivers,45019,4783.0,82401.0
Hispanic drivers,45019,641.0,13120.0
White drivers,45019,6066.0,200261.0
Black drivers,45021,5146.0,8489.0
Hispanic drivers,45021,609.0,1405.0
White drivers,45021,13864.0,33296.0
Black drivers,45023,5264.0,9247.0
Hispanic drivers,45023,248.0,360.0
White drivers,45023,7249.0,15841.0
Black drivers,45025,2732.0,11516.0
Hispanic drivers,45025,160.0,1227.0
White drivers,45025,4972.0,23332.0
Black drivers,45029,2897.0,11208.0
Hispanic drivers,45029,256.0,750.0
White drivers,45029,5276.0,17652.0
Black drivers,45031,6053.0,21330.0
Hispanic drivers,45031,214.0,831.0
White drivers,45031,8572.0,31061.0
Black drivers,45035,6817.0,27753.0
Hispanic drivers,45035,933.0,4732.0
White drivers,45035,10516.0,75509.0
Black drivers,45037,2658.0,7890.0
Hispanic drivers,45037,170.0,1242.0
White drivers,45037,2801.0,12477.0
Black drivers,45039,4541.0,10594.0
Hispanic drivers,45039,161.0,312.0
White drivers,45039,3939.0,7653.0
Black drivers,45041,10788.0,43772.0
Hispanic drivers,45041,632.0,2142.0
White drivers,45041,13615.0,60130.0
Black drivers,45043,4028.0,15225.0
Hispanic drivers,45043,241.0,1237.0
White drivers,45043,7671.0,32756.0
Black drivers,45045,15630.0,65033.0
Hispanic drivers,45045,4589.0,27724.0
White drivers,45045,41291.0,269701.0
Black drivers,45047,6900.0,16861.0
Hispanic drivers,45047,551.0,2438.0
White drivers,45047,10440.0,35006.0
Black drivers,45049,2291.0,8558.0
Hispanic drivers,45049,45.0,634.0
White drivers,45049,1865.0,6956.0
Black drivers,45051,10286.0,29469.0
Hispanic drivers,45051,1848.0,12056.0
White drivers,45051,41971.0,192409.0
Black drivers,45053,3282.0,9255.0
Hispanic drivers,45053,685.0,2448.0
White drivers,45053,3844.0,9195.0
Black drivers,45055,5960.0,11982.0
Hispanic drivers,45055,427.0,1689.0
White drivers,45055,9175.0,35019.0
Black drivers,45057,4050.0,14320.0
Hispanic drivers,45057,389.0,2545.0
White drivers,45057,9431.0,47237.0
Black drivers,45059,5557.0,13136.0
Hispanic drivers,45059,586.0,1745.0
White drivers,45059,11030.0,37497.0
Black drivers,45061,3063.0,9273.0
Hispanic drivers,45061,98.0,273.0
White drivers,45061,2417.0,5271.0
Black drivers,45063,9634.0,29664.0
Hispanic drivers,45063,1268.0,10319.0
White drivers,45063,23145.0,169699.0
Black drivers,45065,828.0,4079.0
Hispanic drivers,45065,17.0,94.0
White drivers,45065,843.0,4471.0
Black drivers,45067,3506.0,13749.0
Hispanic drivers,45067,189.0,566.0
White drivers,45067,4805.0,10641.0
Black drivers,45069,2196.0,11496.0
Hispanic drivers,45069,61.0,757.0
White drivers,45069,2715.0,9391.0
Black drivers,45071,4479.0,8945.0
Hispanic drivers,45071,429.0,1747.0
White drivers,45071,6923.0,19051.0
Black drivers,45073,1233.0,4456.0
Hispanic drivers,45073,432.0,2348.0
White drivers,45073,10952.0,53566.0
Black drivers,45075,13408.0,43766.0
Hispanic drivers,45075,384.0,1195.0
White drivers,45075,7089.0,25555.0
Black drivers,45077,1462.0,6404.0
Hispanic drivers,45077,508.0,2730.0
White drivers,45077,13559.0,86233.0
Black drivers,45079,21779.0,141540.0
Hispanic drivers,45079,1314.0,14202.0
White drivers,45079,17737.0,148608.0
Black drivers,45081,2337.0,3999.0
Hispanic drivers,45081,596.0,1948.0
White drivers,45081,3637.0,9880.0
Black drivers,45083,10686.0,46206.0
Hispanic drivers,45083,2074.0,11684.0
White drivers,45083,31169.0,164440.0
Black drivers,45085,8824.0,38516.0
Hispanic drivers,45085,286.0,2638.0
White drivers,45085,6474.0,40431.0
Black drivers,45087,1711.0,6956.0
Hispanic drivers,45087,49.0,215.0
White drivers,45087,2966.0,15322.0
Black drivers,45089,4052.0,17006.0
Hispanic drivers,45089,37.0,635.0
White drivers,45089,1960.0,8776.0
Black drivers,45091,11261.0,34600.0
Hispanic drivers,45091,1195.0,7712.0
White drivers,45091,27547.0,138391.0
Black drivers,48001,1933.0,10617.0
Hispanic drivers,48001,1311.0,7306.0
White drivers,48001,8475.0,29298.0
Black drivers,48003,81.0,178.0
Hispanic drivers,48003,1380.0,5994.0
White drivers,48003,1269.0,5794.0
Black drivers,48005,1826.0,9854.0
Hispanic drivers,48005,1713.0,11921.0
White drivers,48005,8266.0,44232.0
Black drivers,48007,91.0,250.0
Hispanic drivers,48007,895.0,4556.0
White drivers,48007,2225.0,14771.0
Black drivers,48009,186.0,47.0
Hispanic drivers,48009,629.0,489.0
White drivers,48009,3962.0,6425.0
Black drivers,48011,214.0,12.0
Hispanic drivers,48011,511.0,108.0
White drivers,48011,2025.0,1408.0
Black drivers,48013,457.0,254.0
Hispanic drivers,48013,8070.0,21148.0
White drivers,48013,5244.0,13535.0
Black drivers,48015,945.0,1989.0
Hispanic drivers,48015,1925.0,4842.0
White drivers,48015,4136.0,15569.0
Black drivers,48017,143.0,62.0
Hispanic drivers,48017,1002.0,2854.0
White drivers,48017,1823.0,2146.0
Black drivers,48019,53.0,91.0
Hispanic drivers,48019,908.0,2785.0
White drivers,48019,3621.0,14357.0
Black drivers,48021,1478.0,4497.0
Hispanic drivers,48021,3499.0,17753.0
White drivers,48021,9684.0,35952.0
Black drivers,48023,93.0,68.0
Hispanic drivers,48023,228.0,323.0
White drivers,48023,1329.0,2516.0
Black drivers,48025,241.0,2507.0
Hispanic drivers,48025,3703.0,14017.0
White drivers,48025,2860.0,9466.0
Black drivers,48027,4860.0,49448.0
Hispanic drivers,48027,4833.0,50687.0
White drivers,48027,14055.0,127295.0
Black drivers,48029,1086.0,101863.0
Hispanic drivers,48029,9038.0,786796.0
White drivers,48029,6346.0,449341.0
Black drivers,48031,101.0,77.0
Hispanic drivers,48031,652.0,1450.0
White drivers,48031,2808.0,7159.0
Black drivers,48035,168.0,234.0
Hispanic drivers,48035,619.0,1998.0
White drivers,48035,3859.0,12018.0
Black drivers,48037,2760.0,17170.0
Hispanic drivers,48037,1071.0,4753.0
White drivers,48037,10131.0,49499.0
Black drivers,48039,5055.0,32419.0
Hispanic drivers,48039,8162.0,66083.0
White drivers,48039,16690.0,135239.0
Black drivers,48041,1905.0,16336.0
Hispanic drivers,48041,2435.0,35582.0
White drivers,48041,8574.0,101499.0
Black drivers,48043,67.0,77.0
Hispanic drivers,48043,2472.0,3070.0
White drivers,48043,2112.0,4233.0
Black drivers,48045,15.0,33.0
Hispanic drivers,48045,83.0,293.0
White drivers,48045,289.0,908.0
Black drivers,48047,71.0,24.0
Hispanic drivers,48047,4323.0,4860.0
White drivers,48047,577.0,466.0
Black drivers,48049,296.0,988.0
Hispanic drivers,48049,1080.0,5421.0
White drivers,48049,4942.0,23172.0
Black drivers,48051,875.0,1658.0
Hispanic drivers,48051,1317.0,2301.0
White drivers,48051,4934.0,9644.0
Black drivers,48053,290.0,661.0
Hispanic drivers,48053,1512.0,6318.0
White drivers,48053,7255.0,27938.0
Black drivers,48055,598.0,2052.0
Hispanic drivers,48055,2496.0,13839.0
White drivers,48055,3794.0,14347.0
Black drivers,48057,191.0,417.0
Hispanic drivers,48057,1803.0,7297.0
White drivers,48057,2357.0,8119.0
Black drivers,48059,874.0,125.0
Hispanic drivers,48059,1691.0,838.0
White drivers,48059,5280.0,9668.0
Black drivers,48061,319.0,1211.0
Hispanic drivers,48061,29275.0,259e3
White drivers,48061,4548.0,36306.0
Black drivers,48063,455.0,1640.0
Hispanic drivers,48063,450.0,1772.0
White drivers,48063,1910.0,5974.0
Black drivers,48065,646.0,28.0
Hispanic drivers,48065,2123.0,406.0
White drivers,48065,4832.0,4173.0
Black drivers,48067,1823.0,4040.0
Hispanic drivers,48067,677.0,795.0
White drivers,48067,7198.0,19083.0
Black drivers,48069,65.0,109.0
Hispanic drivers,48069,1639.0,3341.0
White drivers,48069,1730.0,2277.0
Black drivers,48071,6357.0,2361.0
Hispanic drivers,48071,3748.0,5118.0
White drivers,48071,9695.0,20015.0
Black drivers,48073,1523.0,5738.0
Hispanic drivers,48073,1457.0,7059.0
White drivers,48073,7900.0,25935.0
Black drivers,48075,290.0,636.0
Hispanic drivers,48075,766.0,1560.0
White drivers,48075,2991.0,3456.0
Black drivers,48077,752.0,52.0
Hispanic drivers,48077,978.0,374.0
White drivers,48077,4966.0,7836.0
Black drivers,48079,8.0,99.0
Hispanic drivers,48079,117.0,1146.0
White drivers,48079,88.0,966.0
Black drivers,48081,31.0,17.0
Hispanic drivers,48081,186.0,491.0
White drivers,48081,564.0,2110.0
Black drivers,48083,141.0,165.0
Hispanic drivers,48083,464.0,1021.0
White drivers,48083,2016.0,5577.0
Black drivers,48085,3874.0,57675.0
Hispanic drivers,48085,3838.0,87920.0
White drivers,48085,17298.0,414299.0
Black drivers,48087,31.0,110.0
Hispanic drivers,48087,174.0,611.0
White drivers,48087,470.0,1518.0
Black drivers,48089,1341.0,2002.0
Hispanic drivers,48089,2776.0,3904.0
White drivers,48089,5880.0,10412.0
Black drivers,48091,651.0,1749.0
Hispanic drivers,48091,3816.0,22302.0
White drivers,48091,7613.0,69242.0
Black drivers,48093,102.0,37.0
Hispanic drivers,48093,623.0,2450.0
White drivers,48093,2393.0,8228.0
Black drivers,48095,126.0,57.0
Hispanic drivers,48095,607.0,2034.0
White drivers,48095,1133.0,1459.0
Black drivers,48097,1005.0,832.0
Hispanic drivers,48097,1675.0,4121.0
White drivers,48097,9159.0,24683.0
Black drivers,48099,686.0,9477.0
Hispanic drivers,48099,702.0,9209.0
White drivers,48099,3475.0,36323.0
Black drivers,48101,60.0,113.0
Hispanic drivers,48101,245.0,239.0
White drivers,48101,809.0,800.0
Black drivers,48103,33.0,95.0
Hispanic drivers,48103,490.0,1945.0
White drivers,48103,366.0,1397.0
Black drivers,48105,404.0,15.0
Hispanic drivers,48105,2841.0,1740.0
White drivers,48105,2720.0,1064.0
Black drivers,48107,85.0,158.0
Hispanic drivers,48107,422.0,2232.0
White drivers,48107,1203.0,2099.0
Black drivers,48109,424.0,11.0
Hispanic drivers,48109,4120.0,1264.0
White drivers,48109,2164.0,419.0
Black drivers,48111,125.0,74.0
Hispanic drivers,48111,650.0,1957.0
White drivers,48111,2398.0,2882.0
Black drivers,48113,4684.0,419167.0
Hispanic drivers,48113,3304.0,653553.0
White drivers,48113,9378.0,674078.0
Black drivers,48115,341.0,713.0
Hispanic drivers,48115,1771.0,5379.0
White drivers,48115,2001.0,4325.0
Black drivers,48117,75.0,158.0
Hispanic drivers,48117,1657.0,8940.0
White drivers,48117,1469.0,4492.0
Black drivers,48119,131.0,293.0
Hispanic drivers,48119,65.0,232.0
White drivers,48119,689.0,3533.0
Black drivers,48121,2930.0,49840.0
Hispanic drivers,48121,4129.0,93413.0
White drivers,48121,14726.0,363926.0
Black drivers,48123,247.0,1431.0
Hispanic drivers,48123,1310.0,5041.0
White drivers,48123,2683.0,9865.0
Black drivers,48125,76.0,91.0
Hispanic drivers,48125,234.0,511.0
White drivers,48125,1183.0,1237.0
Black drivers,48127,55.0,78.0
Hispanic drivers,48127,1966.0,6643.0
White drivers,48127,760.0,1061.0
Black drivers,48129,377.0,135.0
Hispanic drivers,48129,930.0,257.0
White drivers,48129,4144.0,2482.0
Black drivers,48131,29.0,95.0
Hispanic drivers,48131,2333.0,7850.0
White drivers,48131,503.0,944.0
Black drivers,48133,951.0,292.0
Hispanic drivers,48133,2124.0,1959.0
White drivers,48133,7359.0,12206.0
Black drivers,48135,405.0,4547.0
Hispanic drivers,48135,6159.0,57491.0
White drivers,48135,4273.0,45280.0
Black drivers,48137,2.0,9.0
Hispanic drivers,48137,79.0,783.0
White drivers,48137,75.0,747.0
Black drivers,48139,1798.0,10706.0
Hispanic drivers,48139,2743.0,25810.0
White drivers,48139,5479.0,80364.0
Black drivers,48141,1336.0,19534.0
Hispanic drivers,48141,26834.0,495434.0
White drivers,48141,5461.0,90677.0
Black drivers,48143,259.0,478.0
Hispanic drivers,48143,1668.0,5384.0
White drivers,48143,8226.0,25569.0
Black drivers,48145,634.0,3357.0
Hispanic drivers,48145,597.0,2760.0
White drivers,48145,2218.0,7777.0
Black drivers,48147,270.0,1961.0
Hispanic drivers,48147,353.0,2454.0
White drivers,48147,3268.0,22244.0
Black drivers,48149,1019.0,1209.0
Hispanic drivers,48149,2254.0,3238.0
White drivers,48149,4571.0,15574.0
Black drivers,48151,43.0,112.0
Hispanic drivers,48151,219.0,791.0
White drivers,48151,750.0,2216.0
Black drivers,48153,43.0,159.0
Hispanic drivers,48153,345.0,2330.0
White drivers,48153,475.0,2138.0
Black drivers,48155,14.0,44.0
Hispanic drivers,48155,41.0,156.0
White drivers,48155,163.0,831.0
Black drivers,48157,7154.0,101316.0
Hispanic drivers,48157,9001.0,110664.0
White drivers,48157,11259.0,183113.0
Black drivers,48159,600.0,314.0
Hispanic drivers,48159,549.0,904.0
White drivers,48159,3084.0,6881.0
Black drivers,48161,1585.0,2494.0
Hispanic drivers,48161,1490.0,1880.0
White drivers,48161,4588.0,10957.0
Black drivers,48163,383.0,548.0
Hispanic drivers,48163,8271.0,10747.0
White drivers,48163,3238.0,2447.0
Black drivers,48165,119.0,226.0
Hispanic drivers,48165,1387.0,4913.0
White drivers,48165,1800.0,7700.0
Black drivers,48167,2915.0,30960.0
Hispanic drivers,48167,3876.0,50776.0
White drivers,48167,8416.0,147425.0
Black drivers,48169,307.0,335.0
Hispanic drivers,48169,841.0,2623.0
White drivers,48169,2248.0,2397.0
Black drivers,48171,101.0,59.0
Hispanic drivers,48171,977.0,3764.0
White drivers,48171,3486.0,16945.0
Black drivers,48175,116.0,252.0
Hispanic drivers,48175,883.0,1953.0
White drivers,48175,1091.0,3722.0
Black drivers,48177,1423.0,1019.0
Hispanic drivers,48177,4587.0,6709.0
White drivers,48177,7190.0,7444.0
Black drivers,48179,200.0,963.0
Hispanic drivers,48179,1083.0,4023.0
White drivers,48179,3540.0,12397.0
Black drivers,48181,831.0,5424.0
Hispanic drivers,48181,1206.0,9525.0
White drivers,48181,9417.0,78147.0
Black drivers,48183,4280.0,18445.0
Hispanic drivers,48183,2186.0,13584.0
White drivers,48183,10610.0,60217.0
Black drivers,48185,895.0,3523.0
Hispanic drivers,48185,839.0,4220.0
White drivers,48185,2763.0,13584.0
Black drivers,48187,1293.0,7735.0
Hispanic drivers,48187,5678.0,37496.0
White drivers,48187,9118.0,61237.0
Black drivers,48189,365.0,1431.0
Hispanic drivers,48189,2947.0,14006.0
White drivers,48189,3877.0,10672.0
Black drivers,48191,77.0,175.0
Hispanic drivers,48191,216.0,717.0
White drivers,48191,753.0,1605.0
Black drivers,48193,62.0,45.0
Hispanic drivers,48193,230.0,618.0
White drivers,48193,1791.0,5990.0
Black drivers,48195,9.0,25.0
Hispanic drivers,48195,324.0,1665.0
White drivers,48195,598.0,2365.0
Black drivers,48197,177.0,178.0
Hispanic drivers,48197,470.0,587.0
White drivers,48197,1832.0,2328.0
Black drivers,48199,669.0,2323.0
Hispanic drivers,48199,362.0,1878.0
White drivers,48199,6291.0,38172.0
Black drivers,48201,14187.0,613255.0
Hispanic drivers,48201,18030.0,1253632.0
White drivers,48201,19766.0,1150209.0
Black drivers,48203,5317.0,11098.0
Hispanic drivers,48203,2020.0,4817.0
White drivers,48203,14107.0,34475.0
Black drivers,48205,160.0,434.0
Hispanic drivers,48205,1003.0,1182.0
White drivers,48205,3619.0,3299.0
Black drivers,48207,151.0,184.0
Hispanic drivers,48207,544.0,1094.0
White drivers,48207,1963.0,3438.0
Black drivers,48209,867.0,4867.0
Hispanic drivers,48209,5050.0,46343.0
White drivers,48209,8891.0,83973.0
Black drivers,48211,17.0,10.0
Hispanic drivers,48211,339.0,779.0
White drivers,48211,980.0,2110.0
Black drivers,48213,1087.0,3878.0
Hispanic drivers,48213,1238.0,6001.0
White drivers,48213,8598.0,52400.0
Black drivers,48215,465.0,2606.0
Hispanic drivers,48215,76905.0,510359.0
White drivers,48215,4787.0,51116.0
Black drivers,48217,1324.0,1714.0
Hispanic drivers,48217,2387.0,4448.0
White drivers,48217,7292.0,20937.0
Black drivers,48219,261.0,643.0
Hispanic drivers,48219,2208.0,7379.0
White drivers,48219,2646.0,9431.0
Black drivers,48221,239.0,252.0
Hispanic drivers,48221,1572.0,4033.0
White drivers,48221,10733.0,38267.0
Black drivers,48223,1398.0,1926.0
Hispanic drivers,48223,1364.0,3632.0
White drivers,48223,7592.0,21593.0
Black drivers,48225,748.0,4807.0
Hispanic drivers,48225,345.0,1731.0
White drivers,48225,2822.0,12167.0
Black drivers,48227,335.0,1834.0
Hispanic drivers,48227,1709.0,10747.0
White drivers,48227,3298.0,15746.0
Black drivers,48229,515.0,27.0
Hispanic drivers,48229,4615.0,1961.0
White drivers,48229,2341.0,558.0
Black drivers,48231,2310.0,5471.0
Hispanic drivers,48231,2269.0,8243.0
White drivers,48231,11847.0,53142.0
Black drivers,48233,76.0,426.0
Hispanic drivers,48233,751.0,3100.0
White drivers,48233,2527.0,12686.0
Black drivers,48235,57.0,12.0
Hispanic drivers,48235,520.0,324.0
White drivers,48235,896.0,910.0
Black drivers,48237,143.0,321.0
Hispanic drivers,48237,545.0,971.0
White drivers,48237,3400.0,5812.0
Black drivers,48239,262.0,706.0
Hispanic drivers,48239,1498.0,3042.0
White drivers,48239,1369.0,7244.0
Black drivers,48241,2577.0,4384.0
Hispanic drivers,48241,949.0,1501.0
White drivers,48241,14467.0,21592.0
Black drivers,48243,22.0,10.0
Hispanic drivers,48243,1069.0,646.0
White drivers,48243,755.0,1302.0
Black drivers,48245,5465.0,65270.0
Hispanic drivers,48245,3080.0,32702.0
White drivers,48245,12479.0,91807.0
Black drivers,48247,27.0,16.0
Hispanic drivers,48247,3483.0,3532.0
White drivers,48247,563.0,273.0
Black drivers,48249,175.0,164.0
Hispanic drivers,48249,8741.0,24186.0
White drivers,48249,2054.0,6367.0
Black drivers,48251,833.0,3273.0
Hispanic drivers,48251,2660.0,20203.0
White drivers,48251,11340.0,92583.0
Black drivers,48253,169.0,2238.0
Hispanic drivers,48253,632.0,4252.0
White drivers,48253,2578.0,10125.0
Black drivers,48255,236.0,1172.0
Hispanic drivers,48255,2348.0,5878.0
White drivers,48255,2452.0,4981.0
Black drivers,48257,3902.0,8451.0
Hispanic drivers,48257,2507.0,13176.0
White drivers,48257,8436.0,58695.0
Black drivers,48259,92.0,191.0
Hispanic drivers,48259,984.0,5812.0
White drivers,48259,2398.0,23153.0
Black drivers,48265,263.0,647.0
Hispanic drivers,48265,1990.0,8922.0
White drivers,48265,4748.0,30993.0
Black drivers,48267,240.0,14.0
Hispanic drivers,48267,1294.0,796.0
White drivers,48267,1469.0,2864.0
Black drivers,48271,108.0,35.0
Hispanic drivers,48271,2228.0,1618.0
White drivers,48271,1264.0,1272.0
Black drivers,48273,211.0,924.0
Hispanic drivers,48273,6486.0,17089.0
White drivers,48273,1440.0,5934.0
Black drivers,48275,71.0,153.0
Hispanic drivers,48275,227.0,818.0
White drivers,48275,1048.0,1907.0
Black drivers,48277,781.0,4944.0
Hispanic drivers,48277,418.0,2151.0
White drivers,48277,5998.0,30657.0
Black drivers,48279,277.0,392.0
Hispanic drivers,48279,1674.0,5012.0
White drivers,48279,2733.0,4724.0
Black drivers,48281,273.0,562.0
Hispanic drivers,48281,770.0,2628.0
White drivers,48281,4008.0,12216.0
Black drivers,48283,182.0,29.0
Hispanic drivers,48283,5239.0,5053.0
White drivers,48283,1906.0,840.0
Black drivers,48285,217.0,939.0
Hispanic drivers,48285,690.0,2229.0
White drivers,48285,2137.0,12166.0
Black drivers,48287,537.0,1492.0
Hispanic drivers,48287,947.0,2581.0
White drivers,48287,3303.0,9019.0
Black drivers,48289,2301.0,986.0
Hispanic drivers,48289,1549.0,1515.0
White drivers,48289,4267.0,10741.0
Black drivers,48291,2310.0,6579.0
Hispanic drivers,48291,1865.0,10449.0
White drivers,48291,8194.0,42107.0
Black drivers,48293,839.0,3176.0
Hispanic drivers,48293,709.0,3198.0
White drivers,48293,2885.0,11988.0
Black drivers,48295,1.0,15.0
Hispanic drivers,48295,57.0,720.0
White drivers,48295,162.0,1845.0
Black drivers,48297,306.0,468.0
Hispanic drivers,48297,4946.0,3388.0
White drivers,48297,3076.0,5773.0
Black drivers,48299,80.0,124.0
Hispanic drivers,48299,481.0,1226.0
White drivers,48299,2887.0,15012.0
Black drivers,48303,1e3,15252.0
Hispanic drivers,48303,5073.0,68002.0
White drivers,48303,8393.0,135218.0
Black drivers,48305,133.0,91.0
Hispanic drivers,48305,835.0,1893.0
White drivers,48305,1400.0,2338.0
Black drivers,48307,213.0,128.0
Hispanic drivers,48307,1092.0,1815.0
White drivers,48307,3181.0,4531.0
Black drivers,48309,2456.0,26117.0
Hispanic drivers,48309,3466.0,40108.0
White drivers,48309,9823.0,115556.0
Black drivers,48313,861.0,2258.0
Hispanic drivers,48313,828.0,2253.0
White drivers,48313,2610.0,6485.0
Black drivers,48315,839.0,1800.0
Hispanic drivers,48315,344.0,261.0
White drivers,48315,3033.0,6265.0
Black drivers,48317,218.0,52.0
Hispanic drivers,48317,1339.0,1638.0
White drivers,48317,1797.0,2104.0
Black drivers,48319,71.0,14.0
Hispanic drivers,48319,519.0,712.0
White drivers,48319,1331.0,2583.0
Black drivers,48321,679.0,3068.0
Hispanic drivers,48321,1959.0,10152.0
White drivers,48321,2847.0,14215.0
Black drivers,48323,129.0,88.0
Hispanic drivers,48323,10160.0,38494.0
White drivers,48323,1165.0,1283.0
Black drivers,48325,366.0,918.0
Hispanic drivers,48325,8103.0,17821.0
White drivers,48325,6547.0,17896.0
Black drivers,48327,33.0,17.0
Hispanic drivers,48327,244.0,622.0
White drivers,48327,454.0,1177.0
Black drivers,48329,675.0,6936.0
Hispanic drivers,48329,5290.0,42561.0
White drivers,48329,5430.0,61250.0
Black drivers,48331,838.0,1695.0
Hispanic drivers,48331,1108.0,3974.0
White drivers,48331,3987.0,12987.0
Black drivers,48333,98.0,14.0
Hispanic drivers,48333,286.0,621.0
White drivers,48333,1492.0,3226.0
Black drivers,48335,328.0,908.0
Hispanic drivers,48335,1236.0,2791.0
White drivers,48335,2510.0,3752.0
Black drivers,48337,679.0,45.0
Hispanic drivers,48337,1104.0,1278.0
White drivers,48337,6518.0,13894.0
Black drivers,48339,5701.0,16300.0
Hispanic drivers,48339,12272.0,73932.0
White drivers,48339,34780.0,277769.0
Black drivers,48341,339.0,383.0
Hispanic drivers,48341,2893.0,7841.0
White drivers,48341,3632.0,6353.0
Black drivers,48343,855.0,2261.0
Hispanic drivers,48343,311.0,683.0
White drivers,48343,2632.0,6962.0
Black drivers,48347,2310.0,8962.0
Hispanic drivers,48347,1834.0,7670.0
White drivers,48347,8455.0,33141.0
Black drivers,48349,1978.0,4929.0
Hispanic drivers,48349,1916.0,7701.0
White drivers,48349,5222.0,23318.0
Black drivers,48351,690.0,2299.0
Hispanic drivers,48351,187.0,324.0
White drivers,48351,3864.0,8602.0
Black drivers,48353,753.0,477.0
Hispanic drivers,48353,2212.0,3709.0
White drivers,48353,5409.0,7220.0
Black drivers,48355,489.0,10110.0
Hispanic drivers,48355,8628.0,161191.0
White drivers,48355,4599.0,93458.0
Black drivers,48357,18.0,28.0
Hispanic drivers,48357,752.0,3438.0
White drivers,48357,1321.0,4010.0
Black drivers,48359,586.0,37.0
Hispanic drivers,48359,1153.0,201.0
White drivers,48359,3232.0,1304.0
Black drivers,48361,1673.0,5257.0
Hispanic drivers,48361,1100.0,3658.0
White drivers,48361,10406.0,54601.0
Black drivers,48363,640.0,449.0
Hispanic drivers,48363,1733.0,3531.0
White drivers,48363,6185.0,17537.0
Black drivers,48365,1520.0,2958.0
Hispanic drivers,48365,717.0,1268.0
White drivers,48365,5203.0,14182.0
Black drivers,48367,1090.0,1421.0
Hispanic drivers,48367,3660.0,9064.0
White drivers,48367,21467.0,82542.0
Black drivers,48369,71.0,79.0
Hispanic drivers,48369,1280.0,4200.0
White drivers,48369,1024.0,3029.0
Black drivers,48371,607.0,539.0
Hispanic drivers,48371,5446.0,7859.0
White drivers,48371,3885.0,3674.0
Black drivers,48373,1398.0,4189.0
Hispanic drivers,48373,1098.0,4724.0
White drivers,48373,5506.0,27616.0
Black drivers,48375,636.0,8998.0
Hispanic drivers,48375,2469.0,30125.0
White drivers,48375,6197.0,47318.0
Black drivers,48377,34.0,28.0
Hispanic drivers,48377,4304.0,4539.0
White drivers,48377,1161.0,889.0
Black drivers,48379,101.0,233.0
Hispanic drivers,48379,206.0,587.0
White drivers,48379,2596.0,8024.0
Black drivers,48381,438.0,2441.0
Hispanic drivers,48381,3134.0,16389.0
White drivers,48381,10885.0,77291.0
Black drivers,48383,70.0,61.0
Hispanic drivers,48383,744.0,1579.0
White drivers,48383,887.0,971.0
Black drivers,48385,11.0,20.0
Hispanic drivers,48385,227.0,684.0
White drivers,48385,619.0,2057.0
Black drivers,48387,466.0,1716.0
Hispanic drivers,48387,184.0,600.0
White drivers,48387,2640.0,7753.0
Black drivers,48389,174.0,644.0
Hispanic drivers,48389,1863.0,8123.0
White drivers,48389,1086.0,2408.0
Black drivers,48391,336.0,348.0
Hispanic drivers,48391,2782.0,2651.0
White drivers,48391,1960.0,2680.0
Black drivers,48395,797.0,2556.0
Hispanic drivers,48395,740.0,2153.0
White drivers,48395,3297.0,8014.0
Black drivers,48397,618.0,3674.0
Hispanic drivers,48397,888.0,9492.0
White drivers,48397,2964.0,48572.0
Black drivers,48399,91.0,153.0
Hispanic drivers,48399,533.0,2455.0
White drivers,48399,1550.0,5498.0
Black drivers,48401,2362.0,7536.0
Hispanic drivers,48401,1539.0,5535.0
White drivers,48401,7773.0,28574.0
Black drivers,48403,297.0,599.0
Hispanic drivers,48403,95.0,251.0
White drivers,48403,1981.0,7709.0
Black drivers,48405,281.0,1546.0
Hispanic drivers,48405,83.0,360.0
White drivers,48405,1108.0,5106.0
Black drivers,48407,1947.0,2169.0
Hispanic drivers,48407,1359.0,2141.0
White drivers,48407,7956.0,16832.0
Black drivers,48409,566.0,773.0
Hispanic drivers,48409,7939.0,26251.0
White drivers,48409,5628.0,22048.0
Black drivers,48411,31.0,167.0
Hispanic drivers,48411,168.0,1241.0
White drivers,48411,662.0,3352.0
Black drivers,48413,29.0,23.0
Hispanic drivers,48413,457.0,1153.0
White drivers,48413,494.0,1187.0
Black drivers,48415,339.0,687.0
Hispanic drivers,48415,1353.0,4551.0
White drivers,48415,3541.0,7881.0
Black drivers,48417,46.0,13.0
Hispanic drivers,48417,223.0,258.0
White drivers,48417,1439.0,2341.0
Black drivers,48419,1403.0,3323.0
Hispanic drivers,48419,909.0,2777.0
White drivers,48419,4636.0,13219.0
Black drivers,48421,95.0,19.0
Hispanic drivers,48421,608.0,848.0
White drivers,48421,1094.0,1404.0
Black drivers,48423,6486.0,29244.0
Hispanic drivers,48423,3876.0,25624.0
White drivers,48423,19431.0,109504.0
Black drivers,48425,75.0,43.0
Hispanic drivers,48425,412.0,1144.0
White drivers,48425,2663.0,5492.0
Black drivers,48427,179.0,37.0
Hispanic drivers,48427,39607.0,42173.0
White drivers,48427,2007.0,1759.0
Black drivers,48429,44.0,178.0
Hispanic drivers,48429,312.0,1449.0
White drivers,48429,1885.0,5812.0
Black drivers,48433,43.0,35.0
Hispanic drivers,48433,237.0,150.0
White drivers,48433,1144.0,947.0
Black drivers,48435,425.0,8.0
Hispanic drivers,48435,2670.0,1783.0
White drivers,48435,2267.0,1249.0
Black drivers,48437,188.0,442.0
Hispanic drivers,48437,913.0,2246.0
White drivers,48437,2122.0,3164.0
Black drivers,48439,1179.0,214300.0
Hispanic drivers,48439,1467.0,351936.0
White drivers,48439,4830.0,781475.0
Black drivers,48441,827.0,6945.0
Hispanic drivers,48441,2313.0,21118.0
White drivers,48441,8875.0,72479.0
Black drivers,48445,137.0,458.0
Hispanic drivers,48445,1415.0,4638.0
White drivers,48445,1653.0,4444.0
Black drivers,48447,9.0,7.0
Hispanic drivers,48447,63.0,126.0
White drivers,48447,436.0,1149.0
Black drivers,48449,1755.0,2325.0
Hispanic drivers,48449,1883.0,8482.0
White drivers,48449,6823.0,12735.0
Black drivers,48451,556.0,3539.0
Hispanic drivers,48451,3777.0,30857.0
White drivers,48451,7750.0,53638.0
Black drivers,48453,2921.0,71076.0
Hispanic drivers,48453,8200.0,266970.0
White drivers,48453,18219.0,476650.0
Black drivers,48455,214.0,1063.0
Hispanic drivers,48455,127.0,853.0
White drivers,48455,1422.0,9730.0
Black drivers,48457,771.0,1962.0
Hispanic drivers,48457,333.0,1330.0
White drivers,48457,4646.0,14158.0
Black drivers,48459,1153.0,2687.0
Hispanic drivers,48459,861.0,1923.0
White drivers,48459,7519.0,26196.0
Black drivers,48461,46.0,43.0
Hispanic drivers,48461,591.0,1254.0
White drivers,48461,631.0,1211.0
Black drivers,48463,82.0,109.0
Hispanic drivers,48463,2871.0,13512.0
White drivers,48463,2184.0,6362.0
Black drivers,48465,107.0,487.0
Hispanic drivers,48465,4061.0,28358.0
White drivers,48465,1633.0,6903.0
Black drivers,48467,2633.0,1119.0
Hispanic drivers,48467,1584.0,3386.0
White drivers,48467,10463.0,36592.0
Black drivers,48469,723.0,4153.0
Hispanic drivers,48469,5425.0,28607.0
White drivers,48469,5106.0,34981.0
Black drivers,48471,3066.0,13339.0
Hispanic drivers,48471,2332.0,9568.0
White drivers,48471,8459.0,35082.0
Black drivers,48473,2029.0,9874.0
Hispanic drivers,48473,2462.0,8599.0
White drivers,48473,4347.0,16406.0
Black drivers,48475,222.0,323.0
Hispanic drivers,48475,2257.0,4017.0
White drivers,48475,1603.0,3932.0
Black drivers,48477,710.0,4570.0
Hispanic drivers,48477,763.0,3243.0
White drivers,48477,2699.0,18995.0
Black drivers,48479,202.0,525.0
Hispanic drivers,48479,21274.0,173035.0
White drivers,48479,2265.0,7564.0
Black drivers,48481,1028.0,4263.0
Hispanic drivers,48481,4178.0,11115.0
White drivers,48481,2916.0,15951.0
Black drivers,48483,207.0,93.0
Hispanic drivers,48483,628.0,916.0
White drivers,48483,2457.0,3222.0
Black drivers,48485,691.0,10689.0
Hispanic drivers,48485,1191.0,16258.0
White drivers,48485,6724.0,73157.0
Black drivers,48487,512.0,785.0
Hispanic drivers,48487,1259.0,2504.0
White drivers,48487,4787.0,6754.0
Black drivers,48489,181.0,380.0
Hispanic drivers,48489,7893.0,14648.0
White drivers,48489,1342.0,1794.0
Black drivers,48491,3103.0,21568.0
Hispanic drivers,48491,7110.0,76862.0
White drivers,48491,18254.0,233677.0
Black drivers,48493,291.0,574.0
Hispanic drivers,48493,3028.0,12983.0
White drivers,48493,4425.0,21465.0
Black drivers,48495,30.0,112.0
Hispanic drivers,48495,391.0,2967.0
White drivers,48495,353.0,2387.0
Black drivers,48497,1244.0,602.0
Hispanic drivers,48497,3528.0,7320.0
White drivers,48497,17434.0,38661.0
Black drivers,48499,507.0,1702.0
Hispanic drivers,48499,668.0,2646.0
White drivers,48499,7616.0,30320.0
Black drivers,48501,25.0,54.0
Hispanic drivers,48501,622.0,3374.0
White drivers,48501,644.0,2325.0
Black drivers,48503,142.0,187.0
Hispanic drivers,48503,611.0,2076.0
White drivers,48503,4710.0,11935.0
Black drivers,48505,15.0,29.0
Hispanic drivers,48505,3281.0,9205.0
White drivers,48505,260.0,708.0
Black drivers,48507,61.0,30.0
Hispanic drivers,48507,2404.0,8113.0
White drivers,48507,635.0,589.0
Black drivers,50001,63.0,259.0
Hispanic drivers,50001,34.0,611.0
White drivers,50001,4057.0,28928.0
Black drivers,50003,74.0,252.0
Hispanic drivers,50003,36.0,455.0
White drivers,50003,3974.0,29029.0
Black drivers,50005,35.0,135.0
Hispanic drivers,50005,19.0,333.0
White drivers,50005,2845.0,24300.0
Black drivers,50007,125.0,2454.0
Hispanic drivers,50007,48.0,2565.0
White drivers,50007,4516.0,120852.0
Black drivers,50009,1.0,17.0
Hispanic drivers,50009,0.0,58.0
White drivers,50009,220.0,5066.0
Black drivers,50011,56.0,194.0
Hispanic drivers,50011,19.0,440.0
White drivers,50011,3522.0,36687.0
Black drivers,50013,2.0,25.0
Hispanic drivers,50013,0.0,75.0
White drivers,50013,96.0,5484.0
Black drivers,50015,17.0,141.0
Hispanic drivers,50015,7.0,271.0
White drivers,50015,1647.0,19374.0
Black drivers,50017,80.0,105.0
Hispanic drivers,50017,45.0,236.0
White drivers,50017,4468.0,23081.0
Black drivers,50019,15.0,135.0
Hispanic drivers,50019,9.0,251.0
White drivers,50019,1925.0,21489.0
Black drivers,50021,77.0,242.0
Hispanic drivers,50021,24.0,564.0
White drivers,50021,4020.0,48905.0
Black drivers,50023,113.0,339.0
Hispanic drivers,50023,49.0,828.0
White drivers,50023,4523.0,46412.0
Black drivers,50025,220.0,357.0
Hispanic drivers,50025,124.0,669.0
White drivers,50025,6417.0,34590.0
Black drivers,50027,184.0,301.0
Hispanic drivers,50027,71.0,578.0
White drivers,50027,6380.0,44946.0
Black drivers,53001,465.0,40.0
Hispanic drivers,53001,1384.0,7098.0
White drivers,53001,9685.0,5648.0
Black drivers,53003,15.0,75.0
Hispanic drivers,53003,40.0,495.0
White drivers,53003,1893.0,16706.0
Black drivers,53005,518.0,1741.0
Hispanic drivers,53005,5308.0,23045.0
White drivers,53005,16040.0,108538.0
Black drivers,53007,158.0,227.0
Hispanic drivers,53007,2636.0,12782.0
White drivers,53007,12808.0,43378.0
Black drivers,53009,172.0,545.0
Hispanic drivers,53009,268.0,2724.0
White drivers,53009,11663.0,52769.0
Black drivers,53011,1264.0,6514.0
Hispanic drivers,53011,2228.0,23205.0
White drivers,53011,27797.0,286623.0
Black drivers,53013,11.0,17.0
Hispanic drivers,53013,54.0,181.0
White drivers,53013,1335.0,3023.0
Black drivers,53015,610.0,521.0
Hispanic drivers,53015,1005.0,5063.0
White drivers,53015,14434.0,71406.0
Black drivers,53017,48.0,96.0
Hispanic drivers,53017,1554.0,7529.0
White drivers,53017,4188.0,21800.0
Black drivers,53019,2.0,28.0
Hispanic drivers,53019,4.0,223.0
White drivers,53019,710.0,4963.0
Black drivers,53021,142.0,1377.0
Hispanic drivers,53021,2143.0,27566.0
White drivers,53021,4768.0,28924.0
Black drivers,53023,12.0,1.0
Hispanic drivers,53023,57.0,66.0
White drivers,53023,1543.0,1734.0
Black drivers,53025,469.0,584.0
Hispanic drivers,53025,3827.0,22771.0
White drivers,53025,12218.0,41571.0
Black drivers,53027,362.0,728.0
Hispanic drivers,53027,1087.0,4144.0
White drivers,53027,13492.0,48541.0
Black drivers,53029,319.0,1503.0
Hispanic drivers,53029,246.0,3576.0
White drivers,53029,6686.0,54985.0
Black drivers,53031,114.0,242.0
Hispanic drivers,53031,164.0,747.0
White drivers,53031,6685.0,23877.0
Black drivers,53033,12363.0,98730.0
Hispanic drivers,53033,10733.0,130628.0
White drivers,53033,88266.0,1094618.0
Black drivers,53035,1580.0,5601.0
Hispanic drivers,53035,1086.0,12586.0
White drivers,53035,22158.0,166469.0
Black drivers,53037,939.0,363.0
Hispanic drivers,53037,2425.0,2430.0
White drivers,53037,19674.0,30375.0
Black drivers,53039,46.0,55.0
Hispanic drivers,53039,644.0,1614.0
White drivers,53039,4730.0,14530.0
Black drivers,53041,576.0,361.0
Hispanic drivers,53041,1364.0,4376.0
White drivers,53041,19625.0,53352.0
Black drivers,53043,69.0,20.0
Hispanic drivers,53043,180.0,210.0
White drivers,53043,2849.0,7839.0
Black drivers,53045,162.0,613.0
Hispanic drivers,53045,631.0,3373.0
White drivers,53045,9296.0,42752.0
Black drivers,53047,81.0,152.0
Hispanic drivers,53047,1361.0,4829.0
White drivers,53047,6605.0,23652.0
Black drivers,53049,90.0,91.0
Hispanic drivers,53049,322.0,1155.0
White drivers,53049,8629.0,15125.0
Black drivers,53051,22.0,51.0
Hispanic drivers,53051,31.0,298.0
White drivers,53051,1582.0,9719.0
Black drivers,53053,8327.0,43236.0
Hispanic drivers,53053,5385.0,52502.0
White drivers,53053,58109.0,465904.0
Black drivers,53057,492.0,562.0
Hispanic drivers,53057,1907.0,13083.0
White drivers,53057,16739.0,76424.0
Black drivers,53059,14.0,39.0
Hispanic drivers,53059,131.0,411.0
White drivers,53059,1948.0,8312.0
Black drivers,53061,3307.0,15834.0
Hispanic drivers,53061,5262.0,45874.0
White drivers,53061,66991.0,447206.0
Black drivers,53063,937.0,6513.0
Hispanic drivers,53063,803.0,16308.0
White drivers,53063,32006.0,337027.0
Black drivers,53065,68.0,152.0
Hispanic drivers,53065,120.0,910.0
White drivers,53065,10079.0,31307.0
Black drivers,53067,1408.0,6158.0
Hispanic drivers,53067,1538.0,14050.0
White drivers,53067,21548.0,168042.0
Black drivers,53069,12.0,6.0
Hispanic drivers,53069,30.0,89.0
White drivers,53069,1158.0,3165.0
Black drivers,53071,160.0,943.0
Hispanic drivers,53071,1923.0,8171.0
White drivers,53071,8486.0,36817.0
Black drivers,53073,424.0,1610.0
Hispanic drivers,53073,913.0,12079.0
White drivers,53073,14590.0,140144.0
Black drivers,53075,283.0,802.0
Hispanic drivers,53075,268.0,1969.0
White drivers,53075,9939.0,32174.0
Black drivers,53077,540.0,1461.0
Hispanic drivers,53077,12757.0,73966.0
White drivers,53077,19021.0,94468.0
Black drivers,55001,2.0,583.0
Hispanic drivers,55001,4.0,634.0
White drivers,55001,123.0,16146.0
Black drivers,55003,6.0,47.0
Hispanic drivers,55003,4.0,204.0
White drivers,55003,542.0,10915.0
Black drivers,55005,24.0,347.0
Hispanic drivers,55005,26.0,628.0
White drivers,55005,1734.0,35240.0
Black drivers,55007,9.0,41.0
Hispanic drivers,55007,6.0,136.0
White drivers,55007,1017.0,11127.0
Black drivers,55009,130.0,4063.0
Hispanic drivers,55009,154.0,12048.0
White drivers,55009,2910.0,171223.0
Black drivers,55011,14.0,26.0
Hispanic drivers,55011,20.0,170.0
White drivers,55011,1430.0,10533.0
Black drivers,55013,9.0,56.0
Hispanic drivers,55013,5.0,135.0
White drivers,55013,883.0,11881.0
Black drivers,55015,4.0,176.0
Hispanic drivers,55015,7.0,1102.0
White drivers,55015,163.0,35916.0
Black drivers,55017,44.0,854.0
Hispanic drivers,55017,36.0,625.0
White drivers,55017,3079.0,47808.0
Black drivers,55019,14.0,75.0
Hispanic drivers,55019,18.0,811.0
White drivers,55019,938.0,24291.0
Black drivers,55021,368.0,661.0
Hispanic drivers,55021,246.0,1028.0
White drivers,55021,4109.0,42998.0
Black drivers,55023,15.0,270.0
Hispanic drivers,55023,9.0,128.0
White drivers,55023,1338.0,12849.0
Black drivers,55025,1078.0,18270.0
Hispanic drivers,55025,590.0,20533.0
White drivers,55025,8146.0,344934.0
Black drivers,55027,105.0,2344.0
Hispanic drivers,55027,110.0,2449.0
White drivers,55027,2851.0,66379.0
Black drivers,55029,4.0,123.0
Hispanic drivers,55029,10.0,480.0
White drivers,55029,386.0,22634.0
Black drivers,55031,62.0,358.0
Hispanic drivers,55031,30.0,377.0
White drivers,55031,3413.0,33352.0
Black drivers,55033,470.0,216.0
Hispanic drivers,55033,189.0,501.0
White drivers,55033,5037.0,34006.0
Black drivers,55035,457.0,643.0
Hispanic drivers,55035,187.0,1412.0
White drivers,55035,5698.0,76445.0
Black drivers,55037,0.0,14.0
Hispanic drivers,55037,0.0,35.0
White drivers,55037,29.0,3740.0
Black drivers,55039,304.0,1005.0
Hispanic drivers,55039,178.0,3006.0
White drivers,55039,4112.0,76259.0
Black drivers,55041,2.0,67.0
Hispanic drivers,55041,4.0,96.0
White drivers,55041,406.0,6295.0
Black drivers,55043,48.0,521.0
Hispanic drivers,55043,32.0,475.0
White drivers,55043,2712.0,40083.0
Black drivers,55045,38.0,124.0
Hispanic drivers,55045,40.0,663.0
White drivers,55045,1458.0,28313.0
Black drivers,55047,5.0,76.0
Hispanic drivers,55047,8.0,531.0
White drivers,55047,272.0,14366.0
Black drivers,55049,37.0,65.0
Hispanic drivers,55049,24.0,241.0
White drivers,55049,1670.0,18266.0
Black drivers,55051,2.0,6.0
Hispanic drivers,55051,4.0,31.0
White drivers,55051,425.0,4959.0
Black drivers,55053,396.0,384.0
Hispanic drivers,55053,185.0,394.0
White drivers,55053,4393.0,14594.0
Black drivers,55055,624.0,495.0
Hispanic drivers,55055,303.0,3600.0
White drivers,55055,4676.0,62213.0
Black drivers,55057,387.0,538.0
Hispanic drivers,55057,155.0,505.0
White drivers,55057,3716.0,20130.0
Black drivers,55059,814.0,7871.0
Hispanic drivers,55059,594.0,13330.0
White drivers,55059,4111.0,106162.0
Black drivers,55061,2.0,57.0
Hispanic drivers,55061,3.0,295.0
White drivers,55061,151.0,15895.0
Black drivers,55063,199.0,1154.0
Hispanic drivers,55063,117.0,1326.0
White drivers,55063,3894.0,87940.0
Black drivers,55065,21.0,32.0
Hispanic drivers,55065,23.0,374.0
White drivers,55065,895.0,12588.0
Black drivers,55067,1.0,88.0
Hispanic drivers,55067,6.0,201.0
White drivers,55067,332.0,15495.0
Black drivers,55069,7.0,156.0
Hispanic drivers,55069,7.0,241.0
White drivers,55069,999.0,22722.0
Black drivers,55071,158.0,322.0
Hispanic drivers,55071,113.0,1626.0
White drivers,55071,2545.0,61444.0
Black drivers,55073,72.0,609.0
Hispanic drivers,55073,79.0,2041.0
White drivers,55073,4195.0,98480.0
Black drivers,55075,6.0,104.0
Hispanic drivers,55075,11.0,407.0
White drivers,55075,638.0,33066.0
Black drivers,55077,32.0,56.0
Hispanic drivers,55077,35.0,282.0
White drivers,55077,1476.0,11968.0
Black drivers,55079,407.0,180115.0
Hispanic drivers,55079,171.0,88264.0
White drivers,55079,947.0,435133.0
Black drivers,55081,463.0,424.0
Hispanic drivers,55081,231.0,1014.0
White drivers,55081,6263.0,32710.0
Black drivers,55083,20.0,69.0
Hispanic drivers,55083,26.0,372.0
White drivers,55083,2012.0,29501.0
Black drivers,55085,11.0,127.0
Hispanic drivers,55085,15.0,305.0
White drivers,55085,1739.0,29113.0
Black drivers,55087,67.0,1359.0
Hispanic drivers,55087,91.0,4492.0
White drivers,55087,2224.0,128437.0
Black drivers,55089,224.0,955.0
Hispanic drivers,55089,126.0,1482.0
White drivers,55089,1733.0,65879.0
Black drivers,55091,2.0,16.0
Hispanic drivers,55091,3.0,61.0
White drivers,55091,223.0,5804.0
Black drivers,55093,6.0,176.0
Hispanic drivers,55093,3.0,495.0
White drivers,55093,448.0,31484.0
Black drivers,55095,16.0,94.0
Hispanic drivers,55095,18.0,483.0
White drivers,55095,1249.0,33868.0
Black drivers,55097,53.0,326.0
Hispanic drivers,55097,105.0,1307.0
White drivers,55097,2839.0,54012.0
Black drivers,55099,2.0,35.0
Hispanic drivers,55099,2.0,126.0
White drivers,55099,432.0,11249.0
Black drivers,55101,831.0,15565.0
Hispanic drivers,55101,492.0,15402.0
White drivers,55101,3375.0,118764.0
Black drivers,55103,8.0,68.0
Hispanic drivers,55103,13.0,232.0
White drivers,55103,713.0,13705.0
Black drivers,55105,598.0,5532.0
Hispanic drivers,55105,371.0,7904.0
White drivers,55105,3954.0,110139.0
Black drivers,55107,8.0,46.0
Hispanic drivers,55107,9.0,144.0
White drivers,55107,1200.0,11370.0
Black drivers,55109,389.0,417.0
Hispanic drivers,55109,192.0,1193.0
White drivers,55109,5133.0,63137.0
Black drivers,55111,250.0,266.0
Hispanic drivers,55111,200.0,1795.0
White drivers,55111,3327.0,46975.0
Black drivers,55113,1.0,66.0
Hispanic drivers,55113,4.0,189.0
White drivers,55113,583.0,11038.0
Black drivers,55115,32.0,97.0
Hispanic drivers,55115,51.0,616.0
White drivers,55115,2713.0,30061.0
Black drivers,55117,83.0,1386.0
Hispanic drivers,55117,75.0,4158.0
White drivers,55117,1219.0,81800.0
Black drivers,55119,1.0,38.0
Hispanic drivers,55119,5.0,211.0
White drivers,55119,344.0,15812.0
Black drivers,55121,177.0,62.0
Hispanic drivers,55121,140.0,1060.0
White drivers,55121,2569.0,21704.0
Black drivers,55123,4.0,79.0
Hispanic drivers,55123,3.0,269.0
White drivers,55123,262.0,22731.0
Black drivers,55125,7.0,32.0
Hispanic drivers,55125,6.0,223.0
White drivers,55125,1138.0,16165.0
Black drivers,55127,129.0,798.0
Hispanic drivers,55127,113.0,7144.0
White drivers,55127,1669.0,73240.0
Black drivers,55129,9.0,31.0
Hispanic drivers,55129,7.0,154.0
White drivers,55129,977.0,12428.0
Black drivers,55131,67.0,897.0
Hispanic drivers,55131,42.0,2318.0
White drivers,55131,944.0,100668.0
Black drivers,55133,434.0,3795.0
Hispanic drivers,55133,256.0,11542.0
White drivers,55133,2840.0,288946.0
Black drivers,55135,18.0,122.0
Hispanic drivers,55135,33.0,910.0
White drivers,55135,1633.0,40739.0
Black drivers,55137,47.0,449.0
Hispanic drivers,55137,60.0,900.0
White drivers,55137,1326.0,18610.0
Black drivers,55139,178.0,2436.0
Hispanic drivers,55139,161.0,3918.0
White drivers,55139,4407.0,125707.0
Black drivers,55141,16.0,303.0
Hispanic drivers,55141,27.0,1133.0
White drivers,55141,1158.0,56588.0
Black drivers,A1,1031.0,1818.0
Hispanic drivers,A1,260.0,2157.0
White drivers,A1,11901.0,43456.0
Black drivers,A2,5477.0,25182.0
Hispanic drivers,A2,217.0,986.0
White drivers,A2,4127.0,19370.0
Black drivers,A3,3768.0,19241.0
Hispanic drivers,A3,292.0,1850.0
White drivers,A3,7733.0,40353.0
Black drivers,A4,4715.0,16860.0
Hispanic drivers,A4,1045.0,2951.0
White drivers,A4,11918.0,36489.0
Black drivers,A5,6741.0,53306.0
Hispanic drivers,A5,917.0,7017.0
White drivers,A5,9236.0,92738.0
Black drivers,A6,2158.0,19390.0
Hispanic drivers,A6,394.0,5208.0
White drivers,A6,6507.0,65836.0
Black drivers,A7,2623.0,21100.0
Hispanic drivers,A7,745.0,2972.0
White drivers,A7,5273.0,30265.0
Black drivers,A8,985.0,3267.0
Hispanic drivers,A8,315.0,1789.0
White drivers,A8,7669.0,50517.0
Black drivers,B2,2711.0,13315.0
Hispanic drivers,B2,2090.0,7120.0
White drivers,B2,4389.0,27813.0
Black drivers,B3,1671.0,20524.0
Hispanic drivers,B3,477.0,14705.0
White drivers,B3,6715.0,97336.0
Black drivers,B4,3801.0,19419.0
Hispanic drivers,B4,2015.0,10234.0
White drivers,B4,9465.0,59563.0
Black drivers,B5,5797.0,23261.0
Hispanic drivers,B5,1055.0,3364.0
White drivers,B5,10374.0,44459.0
Black drivers,B6,3597.0,33625.0
Hispanic drivers,B6,867.0,11213.0
White drivers,B6,15274.0,221048.0
Black drivers,B7,4071.0,25018.0
Hispanic drivers,B7,1546.0,6472.0
White drivers,B7,4826.0,30278.0
Black drivers,B8,7235.0,108229.0
Hispanic drivers,B8,1532.0,32444.0
White drivers,B8,10407.0,181018.0
Black drivers,C1,7072.0,53367.0
Hispanic drivers,C1,761.0,5262.0
White drivers,C1,6436.0,58527.0
Black drivers,C2,2065.0,30094.0
Hispanic drivers,C2,1024.0,8375.0
White drivers,C2,3563.0,56180.0
Black drivers,C3,9524.0,152619.0
Hispanic drivers,C3,2389.0,63582.0
White drivers,C3,14858.0,481986.0
Black drivers,C4,5959.0,38747.0
Hispanic drivers,C4,927.0,5461.0
White drivers,C4,5715.0,54841.0
Black drivers,C5,3002.0,31022.0
Hispanic drivers,C5,897.0,6977.0
White drivers,C5,3589.0,42005.0
Black drivers,C6,4037.0,20636.0
Hispanic drivers,C6,1601.0,14598.0
White drivers,C6,9457.0,98194.0
Black drivers,C7,5581.0,100274.0
Hispanic drivers,C7,1324.0,28322.0
White drivers,C7,5274.0,132585.0
Black drivers,C8,5532.0,32282.0
Hispanic drivers,C8,386.0,1125.0
White drivers,C8,4695.0,24660.0
Black drivers,D1,2376.0,8813.0
Hispanic drivers,D1,1200.0,7152.0
White drivers,D1,5628.0,28843.0
Black drivers,D2,7189.0,129041.0
Hispanic drivers,D2,1108.0,24660.0
White drivers,D2,8921.0,225528.0
Black drivers,D3,2115.0,14098.0
Hispanic drivers,D3,490.0,3365.0
White drivers,D3,6056.0,56351.0
Black drivers,D4,1534.0,14888.0
Hispanic drivers,D4,211.0,1587.0
White drivers,D4,3070.0,33524.0
Black drivers,D5,3242.0,23002.0
Hispanic drivers,D5,738.0,11503.0
White drivers,D5,6632.0,85599.0
Black drivers,D6,3004.0,6438.0
Hispanic drivers,D6,1436.0,9575.0
White drivers,D6,11045.0,94119.0
Black drivers,D7,3907.0,20442.0
Hispanic drivers,D7,994.0,12924.0
White drivers,D7,7554.0,122906.0
Black drivers,E1,2616.0,11599.0
Hispanic drivers,E1,804.0,6726.0
White drivers,E1,8889.0,109546.0
Black drivers,E2,1833.0,9271.0
Hispanic drivers,E2,635.0,3863.0
White drivers,E2,6167.0,55794.0
Black drivers,E3,4128.0,17193.0
Hispanic drivers,E3,885.0,6795.0
White drivers,E3,9318.0,83981.0
Black drivers,E4,3500.0,71797.0
Hispanic drivers,E4,1125.0,27161.0
White drivers,E4,10003.0,175736.0
Black drivers,E5,1461.0,3711.0
Hispanic drivers,E5,1084.0,5356.0
White drivers,E5,11462.0,86812.0
Black drivers,E6,3839.0,22155.0
Hispanic drivers,E6,836.0,11414.0
White drivers,E6,8054.0,105426.0
Black drivers,E7,1268.0,3036.0
Hispanic drivers,E7,741.0,4100.0
White drivers,E7,7295.0,56079.0
Black drivers,F1,818.0,4614.0
Hispanic drivers,F1,422.0,3312.0
White drivers,F1,8377.0,62318.0
Black drivers,F2,885.0,2619.0
Hispanic drivers,F2,1158.0,4086.0
White drivers,F2,14347.0,80001.0
Black drivers,F3,759.0,3819.0
Hispanic drivers,F3,472.0,3812.0
White drivers,F3,13145.0,102053.0
Black drivers,F4,3211.0,16647.0
Hispanic drivers,F4,1316.0,8758.0
White drivers,F4,16992.0,129999.0
Black drivers,F5,2529.0,13670.0
Hispanic drivers,F5,1835.0,12353.0
White drivers,F5,17144.0,154713.0
Black drivers,G1,332.0,1152.0
Hispanic drivers,G1,461.0,1912.0
White drivers,G1,9055.0,56141.0
Black drivers,G2,1261.0,6641.0
Hispanic drivers,G2,542.0,3199.0
White drivers,G2,10007.0,79533.0
Black drivers,G3,1635.0,4370.0
Hispanic drivers,G3,1296.0,8405.0
White drivers,G3,12641.0,119957.0
Black drivers,G4,1082.0,12182.0
Hispanic drivers,G4,657.0,10220.0
White drivers,G4,10496.0,176039.0
Black drivers,G5,1121.0,1254.0
Hispanic drivers,G5,687.0,2749.0
White drivers,G5,10710.0,75359.0
Black drivers,G6,419.0,867.0
Hispanic drivers,G6,528.0,2635.0
White drivers,G6,12042.0,69771.0
Black drivers,H1,2664.0,24443.0
Hispanic drivers,H1,535.0,8543.0
White drivers,H1,7160.0,129137.0
Black drivers,H2,2863.0,21715.0
Hispanic drivers,H2,338.0,2451.0
White drivers,H2,4250.0,35589.0
Black drivers,H3,4514.0,28630.0
Hispanic drivers,H3,905.0,15125.0
White drivers,H3,8490.0,131349.0
Black drivers,H4,2221.0,15323.0
Hispanic drivers,H4,320.0,1905.0
White drivers,H4,5353.0,59253.0
Black drivers,H5,10014.0,232619.0
Hispanic drivers,H5,1875.0,83293.0
White drivers,H5,12882.0,401253.0
Black drivers,H6,2222.0,22110.0
Hispanic drivers,H6,612.0,7446.0
White drivers,H6,3952.0,75795.0
Black drivers,ILLINOIS STATE POLICE 01,725.0,2670.0
Hispanic drivers,ILLINOIS STATE POLICE 01,768.0,9430.0
White drivers,ILLINOIS STATE POLICE 01,8933.0,114971.0
Black drivers,ILLINOIS STATE POLICE 02,2492.0,98195.0
Hispanic drivers,ILLINOIS STATE POLICE 02,3206.0,326116.0
White drivers,ILLINOIS STATE POLICE 02,8616.0,1413738.0
Black drivers,ILLINOIS STATE POLICE 03,15837.0,975179.0
Hispanic drivers,ILLINOIS STATE POLICE 03,6136.0,918995.0
White drivers,ILLINOIS STATE POLICE 03,12499.0,1935051.0
Black drivers,ILLINOIS STATE POLICE 05,2989.0,64088.0
Hispanic drivers,ILLINOIS STATE POLICE 05,1734.0,90967.0
White drivers,ILLINOIS STATE POLICE 05,9544.0,457403.0
Black drivers,ILLINOIS STATE POLICE 06,1991.0,11132.0
Hispanic drivers,ILLINOIS STATE POLICE 06,726.0,6777.0
White drivers,ILLINOIS STATE POLICE 06,7255.0,154784.0
Black drivers,ILLINOIS STATE POLICE 07,1191.0,13668.0
Hispanic drivers,ILLINOIS STATE POLICE 07,642.0,15885.0
White drivers,ILLINOIS STATE POLICE 07,9353.0,178311.0
Black drivers,ILLINOIS STATE POLICE 08,1944.0,24659.0
Hispanic drivers,ILLINOIS STATE POLICE 08,363.0,8102.0
White drivers,ILLINOIS STATE POLICE 08,9502.0,257618.0
Black drivers,ILLINOIS STATE POLICE 09,2988.0,21808.0
Hispanic drivers,ILLINOIS STATE POLICE 09,650.0,6321.0
White drivers,ILLINOIS STATE POLICE 09,11844.0,236961.0
Black drivers,ILLINOIS STATE POLICE 10,2726.0,41626.0
Hispanic drivers,ILLINOIS STATE POLICE 10,597.0,14147.0
White drivers,ILLINOIS STATE POLICE 10,9935.0,354460.0
Black drivers,ILLINOIS STATE POLICE 11,4833.0,78120.0
Hispanic drivers,ILLINOIS STATE POLICE 11,565.0,13609.0
White drivers,ILLINOIS STATE POLICE 11,12702.0,392434.0
Black drivers,ILLINOIS STATE POLICE 12,1876.0,4874.0
Hispanic drivers,ILLINOIS STATE POLICE 12,478.0,2504.0
White drivers,ILLINOIS STATE POLICE 12,12524.0,149501.0
Black drivers,ILLINOIS STATE POLICE 13,1808.0,16340.0
Hispanic drivers,ILLINOIS STATE POLICE 13,394.0,5326.0
White drivers,ILLINOIS STATE POLICE 13,12588.0,196379.0
Black drivers,ILLINOIS STATE POLICE 14,473.0,2928.0
Hispanic drivers,ILLINOIS STATE POLICE 14,178.0,2729.0
White drivers,ILLINOIS STATE POLICE 14,6177.0,84710.0
Black drivers,ILLINOIS STATE POLICE 16,1289.0,29528.0
Hispanic drivers,ILLINOIS STATE POLICE 16,718.0,30352.0
White drivers,ILLINOIS STATE POLICE 16,8108.0,255782.0
Black drivers,ILLINOIS STATE POLICE 17,991.0,2328.0
Hispanic drivers,ILLINOIS STATE POLICE 17,709.0,8542.0
White drivers,ILLINOIS STATE POLICE 17,7070.0,110158.0
Black drivers,ILLINOIS STATE POLICE 18,847.0,1312.0
Hispanic drivers,ILLINOIS STATE POLICE 18,238.0,994.0
White drivers,ILLINOIS STATE POLICE 18,6744.0,91696.0
Black drivers,ILLINOIS STATE POLICE 19,424.0,967.0
Hispanic drivers,ILLINOIS STATE POLICE 19,106.0,833.0
White drivers,ILLINOIS STATE POLICE 19,10208.0,67927.0
Black drivers,ILLINOIS STATE POLICE 20,528.0,3468.0
Hispanic drivers,ILLINOIS STATE POLICE 20,183.0,1281.0
White drivers,ILLINOIS STATE POLICE 20,7860.0,76725.0
Black drivers,ILLINOIS STATE POLICE 21,2586.0,12653.0
Hispanic drivers,ILLINOIS STATE POLICE 21,715.0,8353.0
White drivers,ILLINOIS STATE POLICE 21,5213.0,99094.0
Black drivers,ILLINOIS STATE POLICE 22,1328.0,5596.0
Hispanic drivers,ILLINOIS STATE POLICE 22,284.0,1404.0
White drivers,ILLINOIS STATE POLICE 22,6966.0,46936.0
